"Date";"MIT";"fruit";"late";"away";"caff";"code";"crs";"Eric";"pers";"TA";"off";"coff";"enR";"eaft";"eeve";"emor";"tire";"mood";"hung";"medi";"mel";"mw";"vac";"out";"pro";"proR";"readB";"readD";"sck";"slept";"stres";"Nat";"cell";"veg";"min";"cls";"aid";"shp";"home";"lab";"lib";"ex";"write";"jour";"yog"
2015-08-05;NA;NA;"0";NA;"0";NA;NA;NA;NA;"0";NA;"0";NA;NA;NA;NA;NA;NA;NA;NA;NA;NA;NA;NA;NA;NA;NA;NA;"0";NA;NA;NA;NA;NA;NA;NA;NA;NA;NA;NA;NA;"0";NA;NA;NA
2015-08-06;NA;NA;"0";NA;"0";NA;NA;NA;NA;"0";NA;"0";NA;NA;NA;NA;NA;NA;NA;NA;NA;NA;NA;NA;NA;NA;NA;NA;"0";NA;NA;NA;NA;NA;NA;NA;NA;NA;NA;NA;NA;"0";NA;NA;NA
2015-08-07;NA;NA;"0";NA;"0";NA;NA;NA;NA;"0";NA;"0";NA;NA;NA;NA;NA;NA;NA;NA;NA;NA;NA;NA;NA;NA;NA;NA;"0";NA;NA;NA;NA;NA;NA;NA;NA;NA;NA;NA;NA;"1";NA;NA;NA
2015-08-08;NA;NA;"0";NA;"0";NA;NA;NA;NA;"0";NA;"0";NA;NA;NA;NA;NA;NA;NA;NA;NA;NA;NA;NA;NA;NA;NA;NA;"0";NA;NA;NA;NA;NA;NA;NA;NA;NA;NA;NA;NA;"0";NA;NA;NA
2015-08-09;NA;NA;"0";NA;"0";NA;NA;NA;NA;"0";NA;"1";NA;NA;NA;NA;NA;NA;NA;NA;NA;NA;NA;NA;NA;NA;NA;NA;"0";NA;NA;NA;NA;NA;NA;NA;NA;NA;NA;NA;NA;"1";NA;NA;NA
2015-08-10;NA;NA;"0";NA;"0";NA;NA;NA;NA;"0";NA;"0";NA;NA;NA;NA;NA;NA;NA;NA;NA;NA;NA;NA;NA;NA;NA;NA;"0";NA;NA;NA;NA;NA;NA;NA;NA;NA;NA;NA;NA;"0";NA;NA;NA
2015-08-11;NA;NA;"1";NA;"0";NA;NA;NA;NA;"0";NA;"0";NA;NA;NA;NA;NA;NA;NA;NA;NA;NA;NA;NA;NA;NA;NA;NA;"0";NA;NA;NA;NA;NA;NA;NA;NA;NA;NA;NA;NA;"0";NA;NA;NA
2015-08-12;NA;NA;"0";NA;"0";NA;NA;NA;NA;"0";NA;"0";NA;NA;NA;NA;NA;NA;NA;NA;NA;NA;NA;NA;NA;NA;NA;NA;"0";NA;NA;NA;NA;NA;NA;NA;NA;NA;NA;NA;NA;"0";NA;NA;NA
2015-08-13;NA;NA;"0";NA;"0";NA;NA;NA;NA;"0";NA;"0";NA;NA;NA;NA;NA;NA;NA;"1";NA;NA;NA;NA;NA;NA;NA;NA;"0";NA;NA;NA;NA;NA;NA;NA;NA;NA;NA;NA;NA;"1";NA;NA;NA
2015-08-14;NA;NA;"0";NA;"0";NA;NA;NA;NA;"0";NA;"1";NA;NA;NA;NA;NA;NA;NA;"0";NA;NA;NA;NA;NA;NA;NA;NA;"0";NA;NA;NA;NA;NA;NA;NA;NA;NA;NA;NA;NA;"1";NA;NA;NA
2015-08-15;NA;NA;"0";NA;"0";NA;NA;NA;NA;"0";NA;"1";NA;NA;NA;NA;NA;NA;NA;"0";NA;NA;NA;NA;NA;NA;NA;NA;"0";NA;NA;NA;NA;NA;NA;NA;NA;NA;NA;NA;NA;"1";NA;NA;NA
2015-08-16;NA;NA;"0";NA;"0";NA;NA;NA;NA;"0";NA;"1";NA;NA;NA;NA;NA;NA;NA;"0";NA;NA;NA;NA;NA;NA;NA;NA;"0";NA;NA;NA;NA;NA;NA;NA;NA;NA;NA;NA;NA;"1";NA;NA;NA
2015-08-17;NA;NA;"0";NA;"0";NA;NA;NA;NA;"0";NA;"0";NA;NA;NA;NA;NA;NA;NA;"0";NA;NA;NA;NA;NA;NA;NA;NA;"0";NA;NA;NA;"1";NA;NA;NA;"w";NA;NA;NA;NA;"1";NA;NA;NA
2015-08-18;NA;NA;"0";NA;"0";NA;NA;NA;NA;"0";NA;"0";NA;NA;NA;NA;NA;NA;NA;"0";NA;NA;NA;NA;NA;NA;NA;NA;"0";NA;NA;NA;"1";NA;NA;NA;"w";NA;NA;NA;NA;"0";NA;NA;NA
2015-08-19;NA;NA;"0";NA;"0";NA;NA;NA;NA;"0";NA;"1";NA;NA;NA;NA;NA;NA;NA;"0";NA;NA;NA;NA;NA;NA;NA;NA;"0";NA;NA;NA;"1";NA;NA;NA;"w";NA;NA;NA;NA;"0";NA;NA;"1"
2015-08-20;NA;NA;"0";NA;"0";NA;NA;NA;NA;"0";NA;"1";NA;NA;NA;NA;NA;NA;NA;"0";NA;NA;NA;NA;NA;NA;NA;NA;"0";NA;NA;NA;"0";NA;NA;NA;"w";NA;NA;NA;NA;"1";NA;NA;"1"
2015-08-21;NA;NA;NA;NA;"0";NA;NA;NA;NA;"0";NA;NA;NA;NA;NA;NA;NA;NA;NA;NA;NA;NA;NA;NA;NA;NA;NA;NA;NA;NA;NA;NA;NA;NA;NA;NA;NA;NA;NA;NA;NA;NA;NA;NA;NA
2015-08-22;NA;NA;NA;NA;"0";NA;NA;NA;NA;"0";NA;"0";NA;NA;NA;NA;NA;NA;NA;"0";NA;NA;NA;NA;NA;NA;"0";NA;"0";NA;NA;NA;NA;NA;NA;NA;NA;NA;NA;NA;NA;"1";NA;NA;NA
2015-08-23;NA;NA;NA;NA;"0";NA;NA;NA;NA;"0";NA;"0";NA;NA;NA;NA;NA;NA;NA;"0";NA;NA;NA;NA;NA;NA;"0";NA;"0";NA;NA;NA;NA;NA;NA;NA;NA;NA;NA;NA;NA;"1";NA;NA;NA
2015-08-24;NA;NA;NA;NA;"0";NA;NA;NA;NA;"0";NA;"0";NA;NA;NA;NA;NA;NA;NA;"0";NA;NA;NA;NA;NA;NA;"0";NA;"0";NA;NA;NA;NA;NA;NA;NA;NA;NA;NA;NA;NA;"1";NA;NA;NA
2015-08-25;NA;NA;NA;NA;"0";NA;NA;NA;NA;"0";NA;"0";NA;NA;NA;NA;NA;NA;NA;"0";NA;NA;NA;NA;NA;NA;"0";NA;"0";NA;NA;NA;NA;NA;NA;NA;NA;NA;NA;NA;NA;"1";NA;NA;NA
2015-08-26;NA;NA;NA;NA;"0";NA;NA;NA;NA;"0";NA;"0";NA;NA;NA;NA;NA;NA;NA;"0";NA;NA;NA;NA;NA;NA;"0";NA;"0";NA;NA;NA;NA;NA;NA;NA;NA;NA;NA;NA;NA;"1";NA;NA;NA
2015-08-27;NA;NA;NA;NA;"0";NA;NA;NA;NA;"0";NA;"1";NA;NA;NA;NA;NA;NA;NA;"1";NA;NA;NA;"1";NA;NA;"0";NA;"0";NA;NA;NA;NA;NA;NA;NA;NA;NA;NA;NA;NA;"0";NA;NA;NA
2015-08-28;NA;NA;NA;NA;"0";NA;NA;NA;NA;"0";NA;"0";NA;NA;NA;NA;NA;NA;NA;"0";NA;NA;NA;NA;NA;NA;"0";NA;"0";NA;NA;NA;NA;NA;NA;NA;NA;NA;NA;NA;NA;"0";NA;NA;NA
2015-08-29;NA;NA;NA;NA;"0";NA;NA;NA;NA;"0";NA;"0";NA;NA;NA;NA;NA;NA;NA;"0";NA;NA;NA;NA;NA;NA;"0";NA;"0";NA;NA;NA;NA;NA;NA;NA;"w";NA;NA;NA;NA;"0";NA;NA;NA
2015-08-30;NA;NA;"0";"0";"0";NA;NA;NA;NA;"0";NA;"0";NA;NA;NA;NA;"1";NA;NA;"0";NA;NA;NA;"1";NA;NA;"0";NA;"0";"0";"0";NA;"0";NA;NA;NA;"w";NA;NA;NA;NA;"1";NA;NA;"0"
2015-08-31;NA;NA;"0";"0";"0";NA;NA;NA;NA;"0";NA;"0";NA;NA;NA;NA;"0";NA;NA;"1";NA;NA;NA;"1";NA;NA;"0";NA;"0";"0";"0";NA;"0";NA;NA;NA;"w";NA;NA;NA;NA;"0";NA;NA;"0"
2015-09-01;NA;NA;"0";"0";"0";NA;NA;NA;NA;"0";NA;"0";NA;NA;NA;NA;"1";NA;NA;"1";NA;NA;NA;"1";NA;NA;"0";NA;"0";"0";"0";NA;"0";NA;NA;NA;"w";NA;NA;NA;NA;"0";NA;NA;"0"
2015-09-02;NA;NA;"0";"0";"0";NA;NA;NA;NA;"0";NA;"0";NA;NA;NA;NA;"1";NA;NA;"0";NA;NA;NA;"1";NA;NA;"0";NA;"0";"0";"0";NA;"0";NA;NA;NA;"w";NA;NA;NA;NA;"1";NA;NA;"0"
2015-09-03;NA;NA;"0";"0";"0";NA;NA;NA;NA;"0";NA;"0";NA;NA;NA;NA;"1";NA;NA;"0";NA;NA;NA;"1";NA;NA;"0";NA;"0";"0";"0";NA;"0";NA;NA;NA;"w";NA;NA;NA;NA;"0";NA;NA;"0"
2015-09-04;NA;NA;"0";"0";"0";NA;NA;NA;NA;"0";NA;"0";NA;NA;NA;NA;"1";NA;NA;"0";NA;NA;NA;"1";NA;NA;"0";NA;"0";"0";"0";NA;"0";NA;NA;NA;"w";NA;NA;NA;NA;"1";NA;NA;"0"
2015-09-05;NA;NA;"0";"0";"0";NA;NA;NA;NA;"0";NA;"0";NA;NA;NA;NA;"0";NA;NA;"1";"1";NA;NA;"1";NA;NA;"1";NA;"0";"0";"0";NA;"0";NA;NA;NA;"w";NA;NA;NA;NA;"0";NA;NA;"0"
2015-09-06;NA;NA;"0";"0";"0";NA;NA;NA;NA;"0";NA;"0";NA;NA;NA;NA;"0";NA;NA;"1";"1";NA;NA;"1";NA;NA;"1";NA;"0";"0";"1";NA;"0";NA;"0";NA;"w";NA;NA;NA;NA;"0";NA;NA;"0"
2015-09-07;NA;NA;"0";"0";"0";NA;NA;NA;NA;"0";NA;"0";NA;NA;NA;NA;"0";NA;NA;"0";"0";NA;NA;"1";NA;NA;"0";NA;"0";"0";"0";NA;"0";NA;"1";NA;"w";NA;NA;NA;NA;"1";NA;NA;"0"
2015-09-08;NA;NA;"0";"0";"0";NA;NA;NA;NA;"0";NA;"0";NA;NA;NA;NA;"0";NA;NA;"0";"0";NA;NA;"1";NA;NA;"1";NA;"0";"0";"0";NA;"1";NA;"1";NA;"m";NA;NA;NA;NA;"0";NA;NA;"0"
2015-09-09;NA;NA;"0";"0";"0";NA;NA;NA;NA;"0";NA;"0";NA;NA;NA;NA;"0";NA;NA;"0";"0";NA;NA;"1";NA;NA;"1";NA;"0";"0";"0";NA;"0";NA;"1";NA;"m";NA;NA;NA;NA;"1";NA;NA;"0"
2015-09-10;NA;NA;"0";"0";"0";NA;NA;NA;NA;"0";NA;"0";NA;NA;NA;NA;"0";NA;NA;"0";"0";NA;NA;"1";"0";NA;"0";NA;"0";"0";"0";NA;"0";NA;"1";NA;"m";NA;NA;NA;NA;"0";NA;NA;"0"
2015-09-11;NA;NA;"0";"0";"0";NA;NA;NA;NA;"0";NA;"0";NA;NA;NA;NA;"0";NA;NA;"0";"0";NA;NA;"1";"0";NA;"0";NA;"0";"0";"0";NA;"1";NA;"1";NA;"m";NA;NA;NA;NA;"1";NA;NA;"0"
2015-09-12;NA;NA;"0";"0";"0";NA;NA;NA;NA;"0";NA;"0";NA;NA;NA;NA;"0";NA;NA;"0";"0";NA;NA;"0";"0";NA;"0";NA;"0";"0";"0";NA;"0";"0";"1";NA;"m";NA;NA;NA;NA;"0";NA;NA;"0"
2015-09-13;NA;NA;"0";"0";"0";NA;NA;NA;NA;"0";NA;"0";NA;NA;NA;NA;"0";NA;NA;"0";"0";NA;NA;"1";"1";NA;"0";NA;"0";"1";"0";NA;"0";"0";"0";NA;"m";NA;NA;NA;NA;"1";NA;NA;"0"
2015-09-14;NA;NA;"0";"0";"0";NA;NA;NA;NA;"0";NA;"0";NA;NA;NA;NA;"0";NA;NA;"0";"0";NA;NA;"1";"0";NA;"0";NA;"0";"0";"0";NA;"0";"1";"0";NA;"m";NA;NA;NA;NA;"1";NA;NA;"0"
2015-09-15;NA;NA;"0";"0";"0";NA;NA;NA;NA;"0";NA;"0";NA;NA;NA;NA;"0";NA;NA;"1";"0";NA;NA;"1";"1";NA;"1";NA;"0";"0";"0";NA;"0";"1";"0";NA;"w";NA;NA;NA;NA;"1";NA;NA;"0"
2015-09-16;NA;NA;"0";"0";"0";NA;NA;NA;NA;"0";NA;"0";NA;NA;NA;NA;"0";NA;NA;"1";"0";NA;NA;"1";"0";NA;"1";NA;"0";"0";"0";NA;"1";"0";"0";NA;"w";NA;NA;NA;NA;"1";NA;NA;"0"
2015-09-17;NA;NA;"0";"0";"0";NA;NA;NA;NA;"0";NA;"0";NA;NA;NA;NA;"0";NA;NA;"0";"0";NA;NA;"1";"1";NA;"1";NA;"0";"0";"0";NA;"1";"1";"0";NA;"w";NA;NA;NA;NA;"0";NA;NA;"0"
2015-09-18;NA;NA;"0";"0";"0";NA;NA;NA;NA;"0";NA;"0";NA;NA;NA;NA;"0";NA;NA;"0";"0";NA;NA;"1";"1";NA;"0";NA;"0";"0";"0";NA;"0";"0";"0";NA;"w";NA;NA;NA;NA;"1";NA;NA;"0"
2015-09-19;NA;NA;"0";"0";"0";NA;NA;NA;NA;"0";NA;"0";NA;NA;NA;NA;"0";NA;NA;"0";"0";NA;NA;"1";"0";NA;"0";NA;"0";"0";"0";NA;"1";"0";"0";NA;"w";NA;NA;NA;NA;"0";NA;NA;"0"
2015-09-20;NA;NA;"1";"0";"0";NA;NA;NA;NA;"0";NA;"0";NA;NA;NA;NA;"0";NA;NA;"1";"0";NA;NA;"1";"0";NA;"1";NA;"0";"0";"1";NA;"0";"1";"1";NA;"w";NA;NA;NA;NA;"1";NA;NA;"1"
2015-09-21;NA;NA;"0";"0";"0";NA;NA;NA;NA;"0";NA;"1";NA;NA;NA;NA;"0";NA;NA;"1";"0";NA;NA;"1";"1";NA;"0";NA;"0";"0";"1";NA;"1";"0";"1";NA;"w";NA;NA;NA;NA;"0";NA;NA;"0"
2015-09-22;NA;NA;"0";"0";"0";NA;NA;NA;NA;"0";NA;"1";NA;NA;NA;NA;"0";NA;NA;"1";"0";NA;NA;"1";"0";NA;"1";NA;"0";"0";"1";NA;"1";"1";"1";NA;"w";NA;NA;NA;NA;"0";NA;NA;"0"
2015-09-23;NA;NA;"0";"0";"0";NA;NA;NA;NA;"0";NA;"1";NA;NA;NA;NA;"1";NA;NA;"1";"0";NA;NA;"1";"1";NA;"0";NA;"0";"0";"1";NA;"1";"0";"1";NA;"w";NA;NA;NA;NA;"1";NA;NA;"0"
2015-09-24;NA;NA;"0";"0";"0";NA;NA;NA;NA;"0";NA;"1";NA;NA;NA;NA;"0";NA;NA;"1";"0";NA;NA;"1";"0";NA;"0";NA;"0";"0";"1";NA;"1";"1";"1";NA;"w";NA;NA;NA;NA;"0";NA;NA;"0"
2015-09-25;NA;NA;"0";"0";"0";NA;NA;NA;NA;"0";NA;"1";NA;NA;NA;NA;"1";NA;NA;"1";"0";NA;NA;"1";"1";NA;"0";NA;"0";"0";"1";NA;"1";"0";"1";NA;"w";NA;NA;NA;NA;"1";NA;NA;"0"
2015-09-26;NA;NA;"0";"0";"0";NA;NA;NA;NA;"0";NA;NA;NA;NA;NA;NA;"1";NA;NA;"0";"0";NA;NA;"1";"0";NA;"0";NA;"0";"0";"1";NA;"1";"1";"1";NA;"w";NA;NA;NA;NA;"0";NA;NA;"0"
2015-09-27;NA;NA;"0";"0";"0";NA;NA;NA;NA;"0";NA;NA;NA;NA;NA;NA;"1";NA;NA;"0";"0";NA;NA;"1";"0";NA;"1";NA;"0";"0";"0";NA;"1";"0";"1";NA;"w";NA;NA;NA;NA;"1";NA;NA;"0"
2015-09-28;NA;NA;"0";"0";"0";NA;NA;NA;NA;"0";NA;NA;NA;NA;NA;NA;"0";NA;NA;"0";"0";NA;NA;"1";"0";NA;"0";NA;"0";"0";"0";NA;"1";"1";"1";NA;"w";NA;NA;NA;NA;"0";NA;NA;"0"
2015-09-29;NA;NA;"0";"0";"0";NA;NA;NA;NA;"0";NA;NA;NA;NA;NA;NA;"0";NA;NA;"0";"0";NA;NA;"1";NA;NA;"0";NA;"0";"0";"0";NA;"0";NA;NA;NA;"w";NA;NA;NA;NA;"0";NA;NA;"0"
2015-09-30;NA;NA;"0";"0";"0";NA;NA;NA;NA;"0";NA;NA;NA;NA;NA;NA;"1";NA;NA;"1";"0";NA;NA;"1";"0";NA;"0";NA;"0";"0";"0";NA;"1";"0";"1";NA;"w";NA;NA;NA;NA;"1";NA;NA;"0"
2015-10-01;NA;NA;"0";"0";"0";NA;NA;NA;NA;"0";NA;NA;NA;NA;NA;NA;"1";NA;NA;"0";"0";NA;NA;"1";"1";NA;"0";NA;"0";"0";"0";NA;"1";"1";"1";NA;"w";NA;NA;NA;NA;"0";NA;NA;"0"
2015-10-02;NA;NA;"0";"0";"0";NA;NA;NA;NA;"0";NA;"1";NA;NA;NA;NA;"0";NA;NA;"1";"0";NA;NA;"1";"1";NA;"0";NA;"0";"0";"0";NA;"0";"0";"1";NA;"w";NA;NA;NA;NA;"0";NA;NA;"0"
2015-10-03;NA;NA;"0";"0";"0";NA;NA;NA;NA;"0";NA;NA;NA;NA;NA;NA;"0";NA;NA;"1";"0";NA;NA;"0";"1";NA;"0";NA;"0";"0";"0";NA;"1";"1";"1";NA;"w";NA;NA;NA;NA;"0";NA;NA;"0"
2015-10-04;NA;NA;"0";"0";"0";NA;NA;NA;NA;"0";NA;"0";NA;NA;NA;NA;"0";NA;NA;"0";"0";NA;NA;"1";"0";NA;"1";NA;"0";"0";"0";NA;"0";"0";"1";NA;"w";NA;NA;NA;NA;"1";NA;NA;"0"
2015-10-05;NA;NA;"0";"0";"0";NA;NA;NA;NA;"0";NA;NA;NA;NA;NA;NA;"0";NA;NA;"1";"0";NA;NA;"1";"1";NA;"1";NA;"0";"0";"1";NA;"0";"0";"1";NA;"w";NA;NA;NA;NA;"0";NA;NA;"0"
2015-10-06;NA;NA;"0";"0";"0";NA;NA;NA;NA;"0";NA;NA;NA;NA;NA;NA;"0";NA;NA;"1";"0";NA;NA;"1";"1";NA;"0";NA;"0";"0";"0";NA;"1";"0";"1";NA;"m";NA;NA;NA;NA;"1";NA;NA;"0"
2015-10-07;NA;NA;"0";"0";"0";NA;NA;NA;NA;"0";NA;"0";NA;NA;NA;NA;"0";NA;NA;"1";"0";NA;NA;"1";"1";NA;"1";NA;"0";"0";"0";NA;"0";"0";"1";NA;"m";NA;NA;NA;NA;"1";NA;NA;"0"
2015-10-08;NA;NA;"0";"0";"0";NA;NA;NA;NA;"0";NA;NA;NA;NA;NA;NA;"0";NA;NA;"1";"0";NA;NA;"1";"1";NA;"1";NA;"0";"0";"1";NA;"0";"1";"1";NA;"m";NA;NA;NA;NA;"0";NA;NA;"0"
2015-10-09;NA;NA;"1";"0";"0";NA;NA;NA;NA;"0";NA;"0";NA;NA;NA;NA;"1";NA;NA;"1";"0";NA;NA;"1";"1";NA;"1";NA;"0";"0";"1";NA;"1";"0";"1";NA;"m";NA;NA;NA;NA;"1";NA;NA;"1"
2015-10-10;NA;NA;"0";"0";"0";NA;NA;NA;NA;"0";NA;"0";NA;NA;NA;NA;"0";NA;NA;"1";"0";NA;NA;"1";"0";NA;"0";NA;"0";"0";"0";NA;"0";"0";"1";NA;"w";NA;NA;NA;NA;"0";NA;NA;"0"
2015-10-11;NA;NA;"0";"0";"0";NA;NA;NA;NA;"0";NA;"0";NA;NA;NA;NA;"1";NA;NA;"0";"0";NA;NA;"1";"0";NA;"0";NA;"0";"0";"0";NA;"0";"0";"1";NA;"w";NA;NA;NA;NA;"1";NA;NA;"0"
2015-10-12;NA;NA;"0";"0";"0";NA;NA;NA;NA;"0";NA;"0";NA;NA;NA;NA;"0";NA;NA;"0";"0";NA;NA;"1";"1";NA;"1";NA;"0";"0";"0";NA;"0";"1";"1";NA;"w";NA;NA;NA;NA;"1";NA;NA;"0"
2015-10-13;NA;NA;"0";"0";"0";NA;NA;NA;NA;"0";NA;"0";NA;NA;NA;NA;"0";NA;NA;"1";"0";NA;NA;"0";"0";NA;"1";NA;"0";"0";"0";NA;"0";"0";"1";NA;"w";NA;NA;NA;NA;"1";NA;NA;"0"
2015-10-14;NA;NA;"0";"0";"0";NA;NA;NA;NA;"0";NA;"0";NA;NA;NA;NA;"0";NA;NA;"1";"0";NA;NA;"1";"1";NA;"1";NA;"0";"0";"0";NA;"0";"1";"1";NA;"w";NA;NA;NA;NA;"0";NA;NA;"0"
2015-10-15;NA;NA;"0";"0";"0";NA;NA;NA;NA;"0";NA;"1";NA;NA;NA;NA;"0";NA;NA;"0";"0";NA;NA;"1";"1";NA;"0";NA;"0";"0";"0";NA;"1";"0";"1";NA;"w";NA;NA;NA;NA;"1";NA;NA;"0"
2015-10-16;NA;NA;"0";"0";"0";NA;NA;NA;NA;"0";NA;"0";NA;NA;NA;NA;"1";NA;NA;"0";"0";NA;NA;"0";"0";NA;"0";NA;"1";"0";"0";NA;"0";"0";"1";NA;"m";NA;NA;NA;NA;"1";NA;NA;"0"
2015-10-17;NA;NA;"0";"0";"0";NA;NA;NA;NA;"0";NA;"0";NA;NA;NA;NA;"1";NA;NA;"0";"0";NA;NA;"1";"0";NA;"1";NA;"1";"1";"0";NA;"1";"1";"1";NA;"w";NA;NA;NA;NA;"0";NA;NA;"0"
2015-10-18;NA;NA;"0";"0";"0";NA;NA;NA;NA;"0";NA;"1";NA;NA;NA;NA;"0";NA;NA;"0";"0";NA;NA;"1";"1";NA;"1";NA;"1";"0";"0";NA;"0";"0";"1";NA;"w";NA;NA;NA;NA;"1";NA;NA;"0"
2015-10-19;NA;NA;"0";"0";"0";NA;NA;NA;NA;"0";NA;"0";NA;NA;NA;NA;"0";NA;NA;"1";"0";NA;NA;"1";"0";NA;"1";NA;"1";"0";"0";NA;"0";"1";"1";NA;"w";NA;NA;NA;NA;"1";NA;NA;"0"
2015-10-20;NA;NA;"0";"0";"0";NA;NA;NA;NA;"0";NA;"0";NA;NA;NA;NA;"0";NA;NA;"0";"0";NA;NA;"1";"1";NA;"1";NA;"0";"0";"1";NA;"0";"1";"1";NA;"w";NA;NA;NA;NA;"1";NA;NA;"0"
2015-10-21;NA;NA;"0";"0";"0";NA;NA;NA;NA;"0";NA;"0";NA;NA;NA;NA;"0";NA;NA;"0";"0";NA;NA;"1";"0";NA;"1";NA;"0";"0";"0";NA;"0";"0";"1";NA;"w";NA;NA;NA;NA;"1";NA;NA;"1"
2015-10-22;NA;NA;"0";"0";"0";NA;NA;NA;NA;"0";NA;"0";NA;NA;NA;NA;"0";NA;NA;"0";"0";NA;NA;"1";"0";NA;"1";NA;"0";"0";"0";NA;"1";"0";"1";NA;"m";NA;NA;NA;NA;"1";NA;NA;"0"
2015-10-23;NA;NA;"0";"0";"0";NA;NA;NA;NA;"0";NA;"0";NA;NA;NA;NA;"1";NA;NA;"0";"0";NA;NA;"1";"0";NA;"0";NA;"0";"0";"1";NA;"1";"0";"1";NA;"w";NA;NA;NA;NA;"1";NA;NA;"0"
2015-10-24;NA;NA;"0";"0";"0";NA;NA;NA;NA;"0";NA;"1";NA;NA;NA;NA;"0";NA;NA;"0";"0";NA;NA;"1";"1";NA;"0";NA;"0";"1";"0";NA;"0";"0";"1";NA;"w";NA;NA;NA;NA;"0";NA;NA;"0"
2015-10-25;NA;NA;"0";"0";"0";NA;NA;NA;NA;"0";NA;"0";NA;NA;NA;NA;"1";NA;NA;"0";"0";NA;NA;"1";"1";NA;"1";NA;"0";"1";"0";NA;"0";"0";"1";NA;"w";NA;NA;NA;NA;"1";NA;NA;"0"
2015-10-26;NA;NA;"0";"0";"0";NA;NA;NA;NA;"0";NA;"0";NA;NA;NA;NA;"1";NA;NA;"1";"0";NA;NA;"1";"1";NA;"1";NA;"0";"1";"0";NA;"0";"0";"1";NA;"w";NA;NA;NA;NA;"1";"1";NA;"0"
2015-10-27;NA;NA;"1";"0";"0";NA;NA;NA;NA;"0";NA;"0";NA;NA;NA;NA;"1";NA;NA;"1";"0";NA;NA;"1";"1";NA;"1";NA;"0";"0";"1";NA;"0";"1";"1";NA;"w";NA;NA;NA;NA;"1";"1";NA;"0"
2015-10-28;NA;NA;"0";"0";"0";NA;NA;NA;NA;"0";NA;"0";NA;NA;NA;NA;"0";NA;NA;"1";"0";NA;NA;"1";"1";NA;"1";NA;"0";"1";"0";NA;"0";"0";"1";NA;"w";NA;NA;NA;NA;"1";"1";NA;"0"
2015-10-29;NA;NA;"0";"0";"0";NA;NA;NA;NA;"0";NA;"0";NA;NA;NA;NA;"0";NA;NA;"1";"0";NA;NA;"1";"1";NA;"1";NA;"0";"0";"0";NA;"0";"0";"1";NA;"w";NA;NA;NA;NA;"1";"1";NA;"0"
2015-10-30;NA;NA;"1";"0";"0";NA;NA;NA;NA;"0";NA;"1";NA;NA;NA;NA;"0";NA;NA;"1";"1";NA;NA;"1";"1";NA;"1";NA;"0";"0";"0";NA;"0";"0";"1";NA;"w";NA;NA;NA;NA;"1";"1";NA;"0"
2015-10-31;NA;NA;"0";"0";"0";NA;NA;NA;NA;"0";NA;"1";NA;NA;NA;NA;"0";NA;NA;"1";"0";NA;NA;"1";"0";NA;"0";NA;"0";"0";"0";NA;"0";"0";"1";NA;"w";NA;NA;NA;NA;"0";"1";NA;"0"
2015-11-01;NA;NA;"0";"0";"0";NA;NA;NA;NA;"0";NA;"0";NA;NA;NA;NA;"0";NA;NA;"1";"0";NA;NA;"1";"1";NA;"1";NA;"0";"0";"0";NA;"0";"0";"1";NA;"w";NA;NA;NA;NA;"0";"1";NA;"0"
2015-11-02;NA;NA;"0";"0";"0";NA;NA;NA;NA;"0";NA;"0";NA;NA;NA;NA;"0";NA;NA;"1";"0";NA;NA;"1";"1";NA;"1";NA;"0";"0";"0";NA;"0";"0";"1";NA;"w";NA;NA;NA;NA;"1";"0";NA;"0"
2015-11-03;NA;NA;"0";"0";"0";NA;NA;NA;NA;"0";NA;"0";NA;NA;NA;NA;"0";NA;NA;"1";"0";NA;NA;"1";"0";NA;"0";NA;"0";"0";"0";NA;"0";"0";"0";NA;"w";NA;NA;NA;NA;"1";"0";NA;"0"
2015-11-04;NA;NA;"0";"0";"0";NA;NA;NA;NA;"0";NA;"0";NA;NA;NA;NA;"1";NA;NA;"1";"0";NA;NA;"1";"0";NA;"1";NA;"0";"0";"0";NA;"0";"0";"1";NA;"w";NA;NA;NA;NA;"1";"1";NA;"0"
2015-11-05;NA;NA;"0";"1";"0";NA;NA;NA;NA;"0";NA;"0";NA;NA;NA;NA;"0";NA;NA;"0";"0";NA;NA;"1";"0";NA;"0";NA;"0";"1";"1";NA;"0";"0";"1";NA;"w";NA;NA;NA;NA;"1";"1";NA;"0"
2015-11-06;NA;NA;"0";"0";"0";NA;NA;NA;NA;"0";NA;"1";NA;NA;NA;NA;"1";NA;NA;"0";"0";NA;NA;"1";"1";NA;"0";NA;"0";"0";"1";NA;"0";"0";"0";NA;"w";NA;NA;NA;NA;"0";"1";NA;"0"
2015-11-07;NA;NA;"0";"0";"0";NA;NA;NA;NA;"0";NA;"0";NA;NA;NA;NA;"1";NA;NA;"0";"0";NA;NA;"1";"0";NA;"0";NA;"0";"1";"1";NA;"1";"0";"1";NA;"w";NA;NA;NA;NA;"1";"0";NA;"0"
2015-11-08;NA;NA;"0";"0";"0";NA;NA;NA;NA;"0";NA;"1";NA;NA;NA;NA;"0";NA;NA;"1";"0";NA;NA;"1";"1";NA;"1";NA;"0";"0";"0";NA;"0";"0";"1";NA;"w";NA;NA;NA;NA;"0";"1";NA;"0"
2015-11-09;NA;NA;"0";"0";"0";NA;NA;NA;NA;"0";NA;"0";NA;NA;NA;NA;"0";NA;NA;"1";"0";NA;NA;"1";"0";NA;"1";NA;"0";"0";"0";NA;"0";"1";"1";NA;"w";NA;NA;NA;NA;"1";"1";NA;"0"
2015-11-10;NA;NA;"1";"0";"0";NA;NA;NA;NA;"0";NA;"0";NA;NA;NA;NA;"0";NA;NA;"1";"0";NA;NA;"1";"1";NA;"1";NA;"0";"0";"0";NA;"0";"1";"1";NA;"w";NA;NA;NA;NA;"1";"1";NA;"0"
2015-11-11;NA;NA;"0";"0";"0";NA;NA;NA;NA;"0";NA;"0";NA;NA;NA;NA;"0";NA;NA;"1";"0";NA;NA;"1";"1";NA;"1";NA;"0";"0";"0";NA;"0";"0";"1";NA;"w";NA;NA;NA;NA;"1";"0";NA;"0"
2015-11-12;NA;NA;"0";"0";"0";NA;NA;NA;NA;"0";NA;"1";NA;NA;NA;NA;"1";NA;NA;"1";"0";NA;NA;"1";"0";NA;"1";NA;"0";"0";"0";NA;"0";"1";"1";NA;"w";NA;NA;NA;NA;"1";"1";NA;"0"
2015-11-13;NA;NA;"0";"0";"0";NA;NA;NA;NA;"0";NA;"0";NA;NA;NA;NA;"1";NA;NA;"1";"0";NA;NA;"1";"0";NA;"0";NA;"0";"1";"0";NA;"0";"0";"1";NA;"w";NA;NA;NA;NA;"1";"1";NA;"0"
2015-11-14;NA;NA;"0";"0";"0";NA;NA;NA;NA;"0";NA;"1";NA;NA;NA;NA;"1";NA;NA;"1";"0";NA;NA;"1";"0";NA;"1";NA;"0";"0";"0";NA;"0";"0";"1";NA;"w";NA;NA;NA;NA;"0";"1";NA;"0"
2015-11-15;NA;NA;"0";"0";"0";NA;NA;NA;NA;"0";NA;"1";NA;NA;NA;NA;"1";NA;NA;"1";"0";NA;NA;"1";"0";NA;"0";NA;"0";"1";"1";NA;"0";"0";"1";NA;"w";NA;NA;NA;NA;"1";"1";NA;"0"
2015-11-16;NA;NA;"0";"0";"0";NA;NA;NA;NA;"0";NA;"0";NA;NA;NA;NA;"0";NA;NA;"0";"0";NA;NA;"1";"0";NA;"0";NA;"0";"0";"1";NA;"0";"1";"1";NA;"w";NA;NA;NA;NA;"1";"0";NA;"0"
2015-11-17;NA;NA;"0";"0";"0";NA;NA;NA;NA;"0";NA;"0";NA;NA;NA;NA;"1";NA;NA;"1";"0";NA;NA;"1";"0";NA;"0";NA;"0";"0";"0";NA;"0";"0";"1";NA;"w";NA;NA;NA;NA;"0";"0";NA;"0"
2015-11-18;NA;NA;"0";"0";"0";NA;NA;NA;NA;"0";NA;"1";NA;NA;NA;NA;"0";NA;NA;"1";"0";NA;NA;"1";"1";NA;"1";NA;"0";"1";"0";NA;"0";"0";"0";NA;"w";NA;NA;NA;NA;"1";"0";NA;"0"
2015-11-19;NA;NA;"1";"0";"0";NA;NA;NA;NA;"0";NA;"0";NA;NA;NA;NA;"0";NA;NA;"1";"1";NA;NA;"1";"0";NA;"0";NA;"0";"1";"1";NA;"0";"0";"1";NA;"w";NA;NA;NA;NA;"0";"0";NA;"0"
2015-11-20;NA;NA;"0";"0";"0";NA;NA;NA;NA;"0";NA;"1";NA;NA;NA;NA;"0";NA;NA;"1";"0";NA;NA;"0";"1";NA;"1";NA;"1";"0";"0";NA;"0";"0";"0";NA;"w";NA;NA;NA;NA;"0";"1";NA;"0"
2015-11-21;NA;NA;"0";"0";"0";NA;NA;NA;NA;"0";NA;"0";NA;NA;NA;NA;"0";NA;NA;"0";"1";NA;NA;"1";"1";NA;"1";NA;"1";"0";"0";NA;"0";"0";"0";NA;"w";NA;NA;NA;NA;"0";"1";NA;"0"
2015-11-22;NA;NA;"1";"0";"0";NA;NA;NA;NA;"0";NA;"0";NA;NA;NA;NA;"0";NA;NA;"1";"0";NA;NA;"0";"1";NA;"1";NA;"1";"0";"0";NA;"0";"0";"1";NA;"w";NA;NA;NA;NA;"0";"0";NA;"0"
2015-11-23;NA;NA;"0";"0";"0";NA;NA;NA;NA;"0";NA;"0";NA;NA;NA;NA;"0";NA;NA;"1";"0";NA;NA;"1";"1";NA;"1";NA;"1";"1";"0";NA;"0";"0";"1";NA;"w";NA;NA;NA;NA;"0";"1";NA;"0"
2015-11-24;NA;NA;"0";"0";"0";NA;NA;NA;NA;"0";NA;"1";NA;NA;NA;NA;"0";NA;NA;"1";"0";NA;NA;"1";"1";NA;"1";NA;"0";"0";"0";NA;"0";"0";"1";NA;"w";NA;NA;NA;NA;"1";"1";NA;"0"
2015-11-25;NA;NA;"0";"0";"0";NA;NA;NA;NA;"0";NA;"0";NA;NA;NA;NA;"1";NA;NA;"1";"0";NA;NA;"1";"0";NA;"0";NA;"0";"1";"0";NA;"0";"1";"1";NA;"w";NA;NA;NA;NA;"0";"1";NA;"0"
2015-11-26;NA;NA;"0";"1";"0";NA;NA;NA;NA;"0";NA;"0";NA;NA;NA;NA;"1";NA;NA;"0";"0";NA;NA;"1";"0";NA;"1";NA;"0";"1";"1";NA;"0";"0";"1";NA;"w";NA;NA;NA;NA;"0";"0";NA;"0"
2015-11-27;NA;NA;"0";"0";"0";NA;NA;NA;NA;"0";NA;"0";NA;NA;NA;NA;"1";NA;NA;"0";"0";NA;NA;"1";"0";NA;"0";NA;"0";"1";"1";NA;"0";"0";"0";NA;"w";NA;NA;NA;NA;"0";"0";NA;"0"
2015-11-28;NA;NA;"0";"0";"0";NA;NA;NA;NA;"0";NA;"1";NA;NA;NA;NA;"0";NA;NA;"1";"1";NA;NA;"1";"1";NA;"1";NA;"0";"0";"0";NA;"0";"0";"1";NA;"w";NA;NA;NA;NA;"0";"1";NA;"0"
2015-11-29;NA;NA;"0";"0";"0";NA;NA;NA;NA;"0";NA;"0";NA;NA;NA;NA;"0";NA;NA;"1";"1";NA;NA;"1";"1";NA;"1";NA;"0";"1";"0";NA;"0";"1";"1";NA;"w";NA;NA;NA;NA;"1";"1";NA;"0"
2015-11-30;NA;NA;"0";"0";"0";NA;NA;NA;NA;"0";NA;"0";NA;NA;NA;NA;"0";NA;NA;"1";"1";NA;NA;"1";"1";NA;"1";NA;"0";"0";"0";NA;"0";"1";"1";NA;"w";NA;NA;NA;NA;"1";"1";NA;"0"
2015-12-01;NA;NA;"0";"0";"0";NA;NA;NA;NA;"0";NA;"0";NA;NA;NA;NA;"0";NA;NA;"1";"1";NA;NA;"1";"1";NA;"1";NA;"0";"0";"0";NA;"0";"0";"1";NA;"w";NA;NA;NA;NA;"1";"1";NA;"0"
2015-12-02;NA;NA;"1";"0";"0";NA;NA;NA;NA;"0";NA;"1";NA;NA;NA;NA;"0";NA;NA;"1";"1";NA;NA;"1";"1";NA;"1";NA;"0";"0";"0";NA;"0";"1";"1";NA;"w";NA;NA;NA;NA;"1";"1";NA;"0"
2015-12-03;NA;NA;"0";"0";"0";NA;NA;NA;NA;"0";NA;"0";NA;NA;NA;NA;"0";NA;NA;"0";"0";NA;NA;"1";"1";NA;"1";NA;"0";"0";"1";NA;"0";"1";"1";NA;"w";NA;NA;NA;NA;"1";"1";NA;"0"
2015-12-04;NA;NA;"0";"0";"0";NA;NA;NA;NA;"0";NA;"0";NA;NA;NA;NA;"1";NA;NA;"1";"0";NA;NA;"1";"1";NA;"1";NA;"0";"1";"1";NA;"0";"0";"1";NA;"w";NA;NA;NA;NA;"1";"0";NA;"0"
2015-12-05;NA;NA;"0";"0";"0";NA;NA;NA;NA;"0";NA;"1";NA;NA;NA;NA;"1";NA;NA;"1";"0";NA;NA;"1";"1";NA;"0";NA;"0";"1";"1";NA;"0";"0";"1";NA;"w";NA;NA;NA;NA;"1";"1";NA;"0"
2015-12-06;NA;NA;"0";"0";"1";NA;NA;NA;NA;"0";NA;"0";NA;NA;NA;NA;"1";NA;NA;"1";"1";NA;NA;"1";"0";NA;"1";NA;"0";"1";"1";NA;"0";"0";"1";NA;"w";NA;NA;NA;NA;"1";"1";NA;"0"
2015-12-07;NA;NA;"1";"0";"1";NA;NA;NA;NA;"0";NA;"0";NA;NA;NA;NA;"1";NA;NA;"1";"1";NA;NA;"1";"1";NA;"1";NA;"0";"1";"1";NA;"0";"0";"1";NA;"w";NA;NA;NA;NA;"0";"1";NA;"0"
2015-12-08;NA;NA;"0";"0";"1";NA;NA;NA;NA;"0";NA;"0";NA;NA;NA;NA;"1";NA;NA;"0";"0";NA;NA;"1";"1";NA;"1";NA;"0";"0";"1";NA;"0";"0";"1";NA;"w";NA;NA;NA;NA;"0";"1";NA;"0"
2015-12-09;NA;NA;"0";"0";"1";NA;NA;NA;NA;"0";NA;"0";NA;NA;NA;NA;"1";NA;NA;"1";"0";NA;NA;"1";"0";NA;"1";NA;"0";"1";"1";NA;"0";"0";"0";NA;"w";NA;NA;NA;NA;"0";"1";NA;"0"
2015-12-10;NA;NA;"1";"0";"1";NA;NA;NA;NA;"0";NA;"0";NA;NA;NA;NA;"1";NA;NA;"1";"0";NA;NA;"1";"1";NA;"1";NA;"0";"1";"1";NA;"0";"0";"0";NA;"w";NA;NA;NA;NA;"0";"1";NA;"0"
2015-12-11;NA;NA;"0";"0";"1";NA;NA;NA;NA;"0";NA;"0";NA;NA;NA;NA;"1";NA;NA;"1";"0";NA;NA;"0";"1";NA;"0";NA;"0";"1";"1";NA;"0";"0";"1";NA;"w";NA;NA;NA;NA;"0";"1";NA;"0"
2015-12-12;NA;NA;"1";"0";"1";NA;NA;NA;NA;"0";NA;"0";NA;NA;NA;NA;"1";NA;NA;"1";"0";NA;NA;"1";"1";NA;"1";NA;"0";"1";"1";NA;"0";"0";"1";NA;"w";NA;NA;NA;NA;"0";"1";NA;"0"
2015-12-13;NA;NA;"1";"0";"1";NA;NA;NA;NA;"0";NA;"0";NA;NA;NA;NA;"1";NA;NA;"1";"0";NA;NA;"1";"0";NA;"1";NA;"0";"1";"1";NA;"0";"0";"1";NA;"w";NA;NA;NA;NA;"0";"1";NA;"0"
2015-12-14;NA;NA;"0";"0";"1";NA;NA;NA;NA;"0";NA;"0";NA;NA;NA;NA;"1";NA;NA;"1";"0";NA;NA;"1";"1";NA;"1";NA;"0";"1";"1";NA;"0";"0";"1";NA;"w";NA;NA;NA;NA;"0";"1";NA;"0"
2015-12-15;NA;NA;"0";"0";"1";NA;NA;NA;NA;"0";NA;"0";NA;NA;NA;NA;"1";NA;NA;"1";"0";NA;NA;"1";"1";NA;"0";NA;"0";"0";"1";NA;"0";"0";"1";NA;"w";NA;NA;NA;NA;"0";"1";NA;"0"
2015-12-16;NA;NA;"1";"0";"1";NA;NA;NA;NA;"0";NA;"0";NA;NA;NA;NA;"1";NA;NA;"1";"0";NA;NA;"1";"1";NA;"1";NA;"0";"1";"1";NA;"0";"0";"1";NA;"w";NA;NA;NA;NA;"0";"1";NA;"0"
2015-12-17;NA;NA;"0";"0";"0";NA;NA;NA;NA;"0";NA;"1";NA;NA;NA;NA;"1";NA;NA;"1";"0";NA;NA;"1";"0";NA;"0";NA;"0";"1";"1";NA;"1";"0";"1";NA;"m";NA;NA;NA;NA;"0";"1";NA;"0"
2015-12-18;NA;NA;"0";"0";"1";NA;NA;NA;NA;"0";NA;"0";NA;NA;NA;NA;"1";NA;NA;"1";"0";NA;NA;"1";"0";NA;"1";NA;"0";"1";"1";NA;"1";"0";"1";NA;"m";NA;NA;NA;NA;"0";"1";NA;"0"
2015-12-19;NA;NA;"0";"0";"1";NA;NA;NA;NA;"0";NA;"0";NA;NA;NA;NA;"1";NA;NA;"1";"0";NA;NA;"1";"0";NA;"1";NA;"0";"1";"0";NA;"0";"1";"1";NA;"w";NA;NA;NA;NA;"0";"0";NA;"0"
2015-12-20;NA;NA;"0";"0";"1";NA;NA;NA;NA;"0";NA;"0";NA;NA;NA;NA;"0";NA;NA;"1";"0";NA;NA;"0";"1";NA;"0";NA;"0";"1";"0";NA;"0";"0";"1";NA;"w";NA;NA;NA;NA;"0";"1";NA;"0"
2015-12-21;NA;NA;"0";"0";"1";NA;NA;NA;NA;"0";NA;"0";NA;NA;NA;NA;"0";NA;NA;"1";"1";NA;NA;"1";"1";NA;"1";NA;"0";"1";"0";NA;"0";"0";"1";NA;"w";NA;NA;NA;NA;"0";"0";NA;"0"
2015-12-22;NA;NA;"1";"0";"1";NA;NA;NA;NA;"0";NA;"0";NA;NA;NA;NA;"0";NA;NA;"1";"0";NA;NA;"1";"1";NA;"1";NA;"0";"1";"0";NA;"0";"1";"1";NA;"m";NA;NA;NA;NA;"0";"1";NA;"0"
2015-12-23;NA;NA;"0";"0";"1";NA;NA;NA;NA;"0";NA;"0";NA;NA;NA;NA;"0";NA;NA;"1";"1";NA;NA;"1";"1";NA;"1";NA;"0";"1";"0";NA;"0";"1";"1";NA;"w";NA;NA;NA;NA;"0";"1";NA;"0"
2015-12-24;NA;NA;"0";"0";"1";NA;NA;NA;NA;"0";NA;"0";NA;NA;NA;NA;"0";NA;NA;"1";"1";NA;NA;"1";"1";NA;"1";NA;"0";"1";"0";NA;"0";"1";"1";NA;"w";NA;NA;NA;NA;"0";"1";NA;"0"
2015-12-25;NA;NA;"0";"0";"1";NA;NA;NA;NA;"0";NA;"0";NA;NA;NA;NA;"0";NA;NA;"1";"1";NA;NA;"1";"1";NA;"1";NA;"0";"1";"0";NA;"0";"1";"1";NA;"w";NA;NA;NA;NA;"0";"1";NA;"0"
2015-12-26;NA;NA;"0";"0";"1";NA;NA;NA;NA;"0";NA;"0";NA;NA;NA;NA;"1";NA;NA;"1";"0";NA;NA;"1";"1";NA;"0";NA;"0";"0";"0";NA;"1";"1";"1";NA;"w";NA;NA;NA;NA;"0";"1";NA;"0"
2015-12-27;NA;NA;"0";"0";"1";NA;NA;NA;NA;"0";NA;"0";NA;NA;NA;NA;"1";NA;NA;"1";"0";NA;NA;"1";"0";NA;"0";NA;"0";"1";"1";NA;"1";"1";"1";NA;"w";NA;NA;NA;NA;"0";"0";NA;"0"
2015-12-28;NA;NA;"0";"1";"1";NA;NA;NA;NA;"0";NA;"0";NA;NA;NA;NA;"1";NA;NA;"0";"0";NA;NA;"1";"0";NA;"0";NA;"0";"1";"1";NA;"1";"0";"1";NA;"w";NA;NA;NA;NA;"0";"0";NA;"0"
2015-12-29;NA;NA;"0";"1";NA;NA;NA;NA;NA;"0";NA;"0";NA;NA;NA;NA;"1";NA;NA;"0";"0";NA;NA;"1";"0";NA;"0";NA;"0";"1";"1";NA;"0";"0";"1";NA;"w";NA;NA;NA;NA;"0";"0";NA;"0"
2015-12-30;NA;NA;"0";"1";"1";NA;NA;NA;NA;"0";NA;"0";NA;NA;NA;NA;"1";NA;NA;"0";"0";NA;NA;"1";"0";NA;"0";NA;"0";"1";"1";NA;"1";"1";"1";NA;"w";NA;NA;NA;NA;"0";"0";NA;"0"
2015-12-31;NA;NA;"0";"1";"0";NA;NA;NA;NA;"0";NA;"1";NA;NA;NA;NA;"1";NA;NA;"1";"0";NA;NA;"1";"0";NA;"0";NA;"0";"1";"0";NA;"1";"0";"1";NA;"w";NA;NA;NA;NA;"0";"0";NA;"0"
2016-01-01;NA;NA;"1";"1";"0";NA;NA;NA;NA;"0";NA;"0";NA;NA;NA;NA;"1";NA;NA;"1";"0";NA;NA;"1";"0";NA;"0";NA;"0";"1";"0";NA;"1";"0";"1";NA;"w";NA;NA;NA;NA;"0";"0";NA;"0"
2016-01-02;NA;NA;"0";"1";"1";NA;NA;NA;NA;"0";NA;"0";NA;NA;NA;NA;"0";NA;NA;"1";"0";NA;NA;"1";"0";NA;"0";NA;"0";"1";"0";NA;"1";"0";"1";NA;"w";NA;NA;NA;NA;"0";"0";NA;"0"
2016-01-03;NA;NA;"0";"1";"1";NA;NA;NA;NA;"0";NA;"0";NA;NA;NA;NA;"0";NA;NA;"1";"0";NA;NA;"1";"0";NA;"0";NA;"0";"1";"0";NA;"1";"0";"1";NA;"w";NA;NA;NA;NA;"0";"0";NA;"0"
2016-01-04;NA;NA;"1";"1";"0";NA;NA;NA;NA;"0";NA;"1";NA;NA;NA;NA;"0";NA;NA;"1";"0";NA;NA;"1";"1";NA;"1";NA;"0";"1";"0";NA;"0";"0";"1";NA;"w";NA;NA;NA;NA;"0";"0";NA;"0"
2016-01-05;NA;NA;"0";"1";"1";NA;NA;NA;NA;"0";NA;"0";NA;NA;NA;NA;"1";NA;NA;"0";"0";NA;NA;"1";"0";NA;"1";NA;"0";"0";"0";NA;"0";"0";"1";NA;"w";NA;NA;NA;NA;"1";"0";NA;"0"
2016-01-06;NA;NA;"0";"0";"0";NA;NA;NA;NA;"0";NA;"0";NA;NA;NA;NA;"1";NA;NA;"0";"0";NA;NA;"1";"0";NA;"1";NA;"0";"1";"1";NA;"0";"0";"1";NA;"w";NA;NA;NA;NA;"0";"0";NA;"0"
2016-01-07;NA;NA;"0";"0";"0";NA;NA;NA;NA;"0";NA;"0";NA;NA;NA;NA;"1";NA;NA;"0";"0";NA;NA;"1";"0";NA;"0";NA;"0";"1";"0";NA;"0";"1";"1";NA;"w";NA;NA;NA;NA;"0";"0";NA;"0"
2016-01-08;NA;NA;"0";"0";"0";NA;NA;NA;NA;"0";NA;"0";NA;NA;NA;NA;NA;NA;NA;"0";"0";NA;NA;"1";"0";NA;"0";NA;"0";"1";"0";NA;NA;"1";"1";NA;"w";NA;NA;NA;NA;"0";"0";NA;"0"
2016-01-09;NA;NA;"0";"0";"0";NA;NA;NA;NA;"0";NA;"0";NA;NA;NA;NA;"0";NA;NA;"0";"0";NA;NA;"1";"0";NA;"1";NA;"0";"1";"0";NA;"0";"1";"1";NA;"w";NA;NA;NA;NA;"0";"0";NA;"0"
2016-01-10;NA;NA;"0";"0";"0";NA;NA;NA;NA;"0";NA;"0";NA;NA;NA;NA;"0";NA;NA;"1";"0";NA;NA;"1";"0";NA;"1";NA;"0";"0";"0";NA;"0";"1";"1";NA;"w";NA;NA;NA;NA;"1";"1";NA;"0"
2016-01-11;NA;NA;"0";"0";"0";NA;NA;NA;NA;"0";NA;"0";NA;NA;NA;NA;"0";NA;NA;"1";"0";NA;NA;"1";"1";NA;"1";NA;"0";"1";"0";NA;"0";"1";"1";NA;"w";NA;NA;NA;NA;"1";"0";NA;"0"
2016-01-12;NA;NA;"1";"0";"0";NA;NA;NA;NA;"0";NA;"0";NA;NA;NA;NA;"0";NA;NA;"1";"1";NA;NA;"1";"1";NA;"1";NA;"0";"1";"0";NA;"0";"1";"1";NA;"w";NA;NA;NA;NA;"1";"1";NA;"0"
2016-01-13;NA;NA;"1";"0";"0";NA;NA;NA;NA;"0";NA;"0";NA;NA;NA;NA;"1";NA;NA;"1";"0";NA;NA;"0";"1";NA;"1";NA;"0";"0";"0";NA;"0";"1";"1";NA;"w";NA;NA;NA;NA;"1";"1";NA;"0"
2016-01-14;NA;NA;"1";"0";"1";NA;NA;NA;NA;"0";NA;"0";NA;NA;NA;NA;"0";NA;NA;"1";"1";NA;NA;"0";"1";NA;"1";NA;"0";"1";"0";NA;"0";"1";"1";NA;"w";NA;NA;NA;NA;"1";"1";NA;"0"
2016-01-15;NA;NA;"0";"0";"1";NA;NA;NA;NA;"0";NA;"0";NA;NA;NA;NA;"1";NA;NA;"1";"1";NA;NA;"1";"0";NA;"0";NA;"0";"0";"1";NA;"1";"1";"0";NA;"w";NA;NA;NA;NA;"1";"0";NA;"0"
2016-01-16;NA;NA;"0";"0";"1";NA;NA;NA;NA;"0";NA;"0";NA;NA;NA;NA;"1";NA;NA;"1";"0";NA;NA;"1";"1";NA;"0";NA;"0";"1";"0";NA;"0";"1";"0";NA;"w";NA;NA;NA;NA;"0";"0";NA;"1"
2016-01-17;NA;NA;"0";"0";"1";NA;NA;NA;NA;"0";NA;"0";NA;NA;NA;NA;"1";NA;NA;"1";"1";NA;NA;"1";"0";NA;"1";NA;"0";"0";"1";NA;"1";"1";"0";NA;"w";NA;NA;NA;NA;"1";"0";NA;"1"
2016-01-18;NA;NA;"0";"0";"1";NA;NA;NA;NA;"0";NA;"0";NA;NA;NA;NA;"0";NA;NA;"1";"1";NA;NA;"1";"0";NA;"1";NA;"0";"0";"0";NA;"0";"1";"1";NA;"w";NA;NA;NA;NA;"1";"0";NA;"0"
2016-01-19;NA;NA;"0";"0";"0";NA;NA;NA;NA;"0";NA;"0";NA;NA;NA;NA;"0";NA;NA;"0";"1";NA;NA;"1";"1";NA;"1";NA;"0";"0";"0";NA;"0";"1";"1";NA;"w";NA;NA;NA;NA;"1";"1";NA;"0"
2016-01-20;NA;NA;"0";"0";"0";NA;NA;NA;NA;"0";NA;"0";NA;NA;NA;NA;"0";NA;NA;"1";"0";NA;NA;"1";"1";NA;"0";NA;"0";"0";"0";NA;"0";"1";"0";NA;"w";NA;NA;NA;NA;"1";"0";NA;"0"
2016-01-21;NA;NA;"1";"0";"0";NA;NA;NA;NA;"0";NA;"0";NA;NA;NA;NA;"0";NA;NA;"1";"0";NA;NA;"0";"1";NA;"1";NA;"0";"0";"0";NA;"0";"1";"1";NA;"w";NA;NA;NA;NA;"1";"0";NA;"0"
2016-01-22;NA;NA;"1";"0";"0";NA;NA;NA;NA;"0";NA;"0";NA;NA;NA;NA;"0";NA;NA;"0";"0";NA;NA;"0";"1";NA;"1";NA;"0";"0";"0";NA;"0";"1";"1";NA;"w";NA;NA;NA;NA;"1";"1";NA;"0"
2016-01-23;NA;NA;"0";"0";"0";NA;NA;NA;NA;"0";NA;"0";NA;NA;NA;NA;"0";NA;NA;"1";"0";NA;NA;"0";"1";NA;"1";NA;"0";"0";"0";NA;"0";"1";"1";NA;"w";NA;NA;NA;NA;"0";"0";NA;"1"
2016-01-24;NA;NA;"0";"0";"0";NA;NA;NA;NA;"0";NA;"0";NA;NA;NA;NA;"0";NA;NA;"1";"0";NA;NA;"1";"0";NA;"1";NA;"0";"0";"0";NA;"0";"1";"1";NA;"w";NA;NA;NA;NA;"1";"0";NA;"1"
2016-01-25;NA;NA;"0";"0";"0";NA;NA;NA;NA;"0";NA;"0";NA;NA;NA;NA;"0";NA;NA;"1";"0";NA;NA;"1";"1";NA;"1";NA;"0";"0";"0";NA;"0";"1";"1";NA;"w";NA;NA;NA;NA;"1";"0";NA;"0"
2016-01-26;NA;NA;"1";"0";"0";NA;NA;NA;NA;"0";NA;"0";NA;NA;NA;NA;"0";NA;NA;"1";"0";NA;NA;"1";"0";NA;"1";NA;"0";"0";"0";NA;"0";"1";"1";NA;"w";NA;NA;NA;NA;"1";"0";NA;"0"
2016-01-27;NA;NA;"1";"0";"0";NA;NA;NA;NA;"0";NA;"0";NA;NA;NA;NA;"0";NA;NA;"1";"0";NA;NA;"1";"1";NA;"0";NA;"0";"0";"0";NA;"0";"1";"0";NA;"w";NA;NA;NA;NA;"1";"1";NA;"0"
2016-01-28;NA;NA;"0";"0";"0";NA;NA;NA;NA;"0";NA;"0";NA;NA;NA;NA;"0";NA;NA;"1";"0";NA;NA;"1";"0";NA;"1";NA;"0";"0";"0";NA;"0";"1";"0";NA;"w";NA;NA;NA;NA;"1";"0";NA;"0"
2016-01-29;NA;NA;"0";"0";"0";NA;NA;NA;NA;"0";NA;"0";NA;NA;NA;NA;"1";NA;NA;"0";"0";NA;NA;"1";"0";NA;"1";NA;"0";"0";"1";NA;"0";"1";"0";NA;"w";NA;NA;NA;NA;"0";"0";NA;"0"
2016-01-30;NA;NA;"1";"0";"0";NA;NA;NA;NA;"0";NA;"0";NA;NA;NA;NA;"1";NA;NA;"1";"0";NA;NA;"1";"0";NA;"1";NA;"0";"0";"0";NA;"0";"1";"0";NA;"w";NA;NA;NA;NA;"1";"0";NA;"0"
2016-01-31;NA;NA;"1";"0";"0";NA;NA;NA;NA;"0";NA;"1";NA;NA;NA;NA;"0";NA;NA;"0";"0";NA;NA;"1";"0";NA;"1";NA;"0";"0";"0";NA;"0";"1";"1";NA;"w";NA;NA;NA;NA;"1";"0";NA;"1"
2016-02-01;NA;NA;"0";"0";"0";NA;NA;NA;NA;"0";NA;"0";NA;NA;NA;NA;"1";NA;NA;"1";"0";NA;NA;"1";"0";NA;"0";NA;"0";"0";"0";NA;"1";"1";"0";NA;"w";NA;NA;NA;NA;"1";"0";NA;"0"
2016-02-02;NA;NA;"1";"0";"0";NA;NA;NA;NA;"0";NA;"0";NA;NA;NA;NA;"1";NA;NA;"0";"0";NA;NA;"1";"1";NA;"1";NA;"0";"0";"0";NA;"0";"1";"0";NA;"w";NA;NA;NA;NA;"1";"0";NA;"0"
2016-02-03;NA;NA;"1";"0";"0";NA;NA;NA;NA;"0";NA;"0";NA;NA;NA;NA;"1";NA;NA;"0";"0";NA;NA;"1";"1";NA;"1";NA;"0";"0";"0";NA;"0";"1";"0";NA;"w";NA;NA;NA;NA;"1";"0";NA;"0"
2016-02-04;NA;NA;"1";"0";"1";NA;NA;NA;NA;"0";NA;"0";NA;NA;NA;NA;"0";NA;NA;"0";"0";NA;NA;"1";"1";NA;"1";NA;"0";"0";"0";NA;"0";"1";"1";NA;"w";NA;NA;NA;NA;"1";"0";NA;"0"
2016-02-05;NA;NA;"0";"0";"0";NA;NA;NA;NA;"0";NA;"0";NA;NA;NA;NA;"1";NA;NA;"1";"0";NA;NA;"1";"1";NA;"0";NA;"0";"0";"0";NA;"0";"1";"0";NA;"w";NA;NA;NA;NA;"1";"0";NA;"0"
2016-02-06;NA;NA;"0";"0";"0";NA;NA;NA;NA;"0";NA;"0";NA;NA;NA;NA;"1";NA;NA;"1";"0";NA;NA;"1";"1";NA;"0";NA;"0";"0";"0";NA;"0";"0";"1";NA;"w";NA;NA;NA;NA;"1";"0";NA;"1"
2016-02-07;NA;NA;"1";"0";"1";NA;NA;NA;NA;"0";NA;"0";NA;NA;NA;NA;"1";NA;NA;"1";"0";NA;NA;"1";"1";NA;"0";NA;"0";"0";"0";NA;"0";"0";"1";NA;"w";NA;NA;NA;NA;"0";"0";NA;"0"
2016-02-08;NA;NA;"0";"0";"0";NA;NA;NA;NA;"0";NA;"0";NA;NA;NA;NA;"0";NA;NA;"0";"0";NA;NA;"1";"1";NA;"1";NA;"0";"0";"1";NA;"0";"0";"0";NA;"w";NA;NA;NA;NA;"1";"0";NA;"0"
2016-02-09;NA;NA;"1";"0";"0";NA;NA;NA;NA;"0";NA;"0";NA;NA;NA;NA;"1";NA;NA;"0";"0";NA;NA;"1";"1";NA;"0";NA;"0";"0";"1";NA;"0";"1";"1";NA;"w";NA;NA;NA;NA;"1";"1";NA;"0"
2016-02-10;NA;NA;"0";"0";"1";NA;NA;NA;NA;"0";NA;"0";NA;NA;NA;NA;"0";NA;NA;"0";"0";NA;NA;"1";"1";NA;"1";NA;"0";"0";"0";NA;"0";"1";"1";NA;"w";NA;NA;NA;NA;"0";"1";NA;"0"
2016-02-11;NA;NA;"0";"0";"0";NA;NA;NA;NA;"0";NA;"0";NA;NA;NA;NA;"1";NA;NA;"1";"0";NA;NA;"1";"0";NA;"0";NA;"0";"0";"0";NA;"0";"1";"1";NA;"w";NA;NA;NA;NA;"1";"0";NA;"0"
2016-02-12;NA;NA;"0";"0";"0";NA;NA;NA;NA;"0";NA;"0";NA;NA;NA;NA;"1";NA;NA;"0";"0";NA;NA;"1";"1";NA;"0";NA;"0";"0";"0";NA;"0";"1";"1";NA;"n";NA;NA;NA;NA;"1";"0";NA;"0"
2016-02-13;NA;NA;"0";"0";"0";NA;NA;NA;NA;"0";NA;"0";NA;NA;NA;NA;"1";NA;NA;"1";"0";NA;NA;"1";"0";NA;"1";NA;"0";"0";"0";NA;"0";"1";"1";NA;"w";NA;NA;NA;NA;"0";"1";NA;"1"
2016-02-14;NA;NA;"0";"0";"0";NA;NA;NA;NA;"0";NA;"0";NA;NA;NA;NA;"1";NA;NA;"1";"0";NA;NA;"1";"1";NA;"0";NA;"0";"0";"0";NA;"0";"1";"1";NA;"w";NA;NA;NA;NA;"1";"0";NA;"1"
2016-02-15;NA;NA;"0";"0";"0";NA;NA;NA;NA;"0";NA;"0";NA;NA;NA;NA;"1";NA;NA;"1";"0";NA;NA;"1";"0";NA;"1";NA;"0";"0";"0";NA;"0";"1";"1";NA;"w";NA;NA;NA;NA;"0";"0";NA;"0"
2016-02-16;NA;NA;"1";"0";"0";NA;NA;NA;NA;"0";NA;"0";NA;NA;NA;NA;"1";NA;NA;"1";"0";NA;NA;"1";"1";NA;"1";NA;"0";"0";"0";NA;"0";"1";"1";NA;"w";NA;NA;NA;NA;"1";"0";NA;"0"
2016-02-17;NA;NA;"1";"0";"0";NA;NA;NA;NA;"0";NA;"0";NA;NA;NA;NA;"1";NA;NA;"1";"0";NA;NA;"1";"1";NA;"1";NA;"0";"0";"0";NA;"0";"1";"0";NA;"w";NA;NA;NA;NA;"1";"0";NA;"0"
2016-02-18;NA;NA;"0";"1";"0";NA;NA;NA;NA;"0";NA;"0";NA;NA;NA;NA;"1";NA;NA;"1";"0";NA;NA;"1";"0";NA;"0";NA;"0";"0";"1";NA;"1";"0";"1";NA;"w";NA;NA;NA;NA;"0";"0";NA;"0"
2016-02-19;NA;NA;"1";"1";"0";NA;NA;NA;NA;"0";NA;"0";NA;NA;NA;NA;"1";NA;NA;"0";"0";NA;NA;"1";"1";NA;"0";NA;"0";"0";"1";NA;"1";"0";"0";NA;"w";NA;NA;NA;NA;"0";"0";NA;"0"
2016-02-20;NA;NA;"0";"0";"0";NA;NA;NA;NA;"0";NA;"0";NA;NA;NA;NA;"1";NA;NA;"0";"0";NA;NA;"1";"0";NA;"0";NA;"0";"0";"1";NA;"0";"0";"1";NA;"w";NA;NA;NA;NA;"0";"0";NA;"0"
2016-02-21;NA;NA;"1";"0";"0";NA;NA;NA;NA;"0";NA;"0";NA;NA;NA;NA;"0";NA;NA;"0";"0";NA;NA;"1";"1";NA;"0";NA;"0";"1";"0";NA;"0";"1";"1";NA;"w";NA;NA;NA;NA;"0";"0";NA;"0"
2016-02-22;NA;NA;"0";"0";"0";NA;NA;NA;NA;"0";NA;"0";NA;NA;NA;NA;"0";NA;NA;"1";"0";NA;NA;"1";"1";NA;"1";NA;"0";"0";"0";NA;"0";"0";"1";NA;"w";NA;NA;NA;NA;"1";"0";NA;"0"
2016-02-23;NA;NA;"0";"0";"0";NA;NA;NA;NA;"0";NA;"0";NA;NA;NA;NA;"0";NA;NA;"1";"0";NA;NA;"1";"1";NA;"1";NA;"0";"0";"1";NA;"0";"1";"1";NA;"w";NA;NA;NA;NA;"1";"0";NA;"0"
2016-02-24;NA;NA;"1";"0";"0";NA;NA;NA;NA;"0";NA;"0";NA;NA;NA;NA;"1";NA;NA;"1";"0";NA;NA;"1";"0";NA;"0";NA;"0";"0";"1";NA;"0";"0";"1";NA;"w";NA;NA;NA;NA;"1";"0";NA;"0"
2016-02-25;NA;NA;"1";"0";"0";NA;NA;NA;NA;"0";NA;"1";NA;NA;NA;NA;"1";NA;NA;"0";"0";NA;NA;"1";"1";NA;"0";NA;"0";"0";"1";NA;"0";"1";"0";NA;"w";NA;NA;NA;NA;"0";"0";NA;"0"
2016-02-26;NA;NA;"0";"0";"0";NA;NA;NA;NA;"0";NA;"0";NA;NA;NA;NA;"0";NA;NA;"1";"0";NA;NA;"1";"1";NA;"0";NA;"0";"0";"0";NA;"0";"1";"1";NA;"w";NA;NA;NA;NA;"1";"0";NA;"0"
2016-02-27;NA;NA;"0";"0";"0";NA;NA;NA;NA;"0";NA;"0";NA;NA;NA;NA;"0";NA;NA;"1";"0";NA;NA;"1";"1";NA;"1";NA;"0";"0";"0";NA;"0";"1";"1";NA;"w";NA;NA;NA;NA;"1";"0";NA;"1"
2016-02-28;NA;NA;"1";"0";"0";NA;NA;NA;NA;"0";NA;"0";NA;NA;NA;NA;"0";NA;NA;"1";"0";NA;NA;"1";"1";NA;"1";NA;"0";"0";"0";NA;"0";"1";"1";NA;"w";NA;NA;NA;NA;"0";"0";NA;"1"
2016-02-29;NA;NA;"0";"0";"0";NA;NA;NA;NA;"0";NA;"0";NA;NA;NA;NA;"0";NA;NA;"0";"0";NA;NA;"1";"1";NA;"1";NA;"0";"0";"0";NA;"0";"0";"1";NA;"w";NA;NA;NA;NA;"1";"0";NA;"0"
2016-03-01;NA;NA;"0";"0";"0";NA;NA;NA;NA;"0";NA;"0";NA;NA;NA;NA;"1";NA;NA;"1";"0";NA;NA;"1";"1";NA;"0";NA;"0";"0";"0";NA;"0";"0";"1";NA;"w";NA;NA;NA;NA;"1";"0";NA;"0"
2016-03-02;NA;NA;"0";"0";"0";NA;NA;NA;NA;"0";NA;"0";NA;NA;NA;NA;"0";NA;NA;"1";"0";NA;NA;"1";"1";NA;"0";NA;"0";"0";"1";NA;"0";"0";"0";NA;"w";NA;NA;NA;NA;"1";"0";NA;"0"
2016-03-03;NA;NA;"0";"1";"0";NA;NA;NA;NA;"0";NA;"0";NA;NA;NA;NA;"1";NA;NA;"0";"0";NA;NA;"1";"1";NA;"1";NA;"0";"0";"1";NA;"1";"0";"0";NA;"w";NA;NA;NA;NA;"1";"0";NA;"0"
2016-03-04;NA;NA;"0";"1";"0";NA;NA;NA;NA;"0";NA;"0";NA;NA;NA;NA;"1";NA;NA;"0";"0";NA;NA;"1";"1";NA;"0";NA;"0";"0";"1";NA;"1";"0";"0";NA;"w";NA;NA;NA;NA;"1";"0";NA;"0"
2016-03-05;NA;NA;"0";"0";"0";NA;NA;NA;NA;"0";NA;"0";NA;NA;NA;NA;"1";NA;NA;"0";"0";NA;NA;"1";"1";NA;"0";NA;"0";"0";"1";NA;"0";"0";"0";NA;"w";NA;NA;NA;NA;"1";"0";NA;"0"
2016-03-06;NA;NA;"0";"0";"0";NA;NA;NA;NA;"0";NA;"0";NA;NA;NA;NA;"1";NA;NA;"0";"0";NA;"0";"1";"0";NA;"0";NA;"0";"1";"0";NA;"0";"1";"0";NA;"w";NA;NA;NA;NA;"0";"0";NA;"0"
2016-03-07;NA;NA;"0";"0";"0";NA;NA;NA;NA;"0";NA;"0";NA;NA;NA;NA;"1";NA;NA;"0";"0";NA;"0";"1";"1";NA;"0";NA;"0";"0";"0";NA;"0";"0";"0";NA;"w";NA;NA;NA;NA;"1";"0";NA;"0"
2016-03-08;NA;NA;"1";"0";"0";NA;NA;NA;NA;"0";NA;"0";NA;NA;NA;NA;"0";NA;NA;"1";"0";NA;"0";"1";"1";NA;"0";NA;"0";"0";"0";NA;"0";"1";"1";NA;"w";NA;NA;NA;NA;"1";"0";NA;"0"
2016-03-09;NA;NA;"0";"0";"0";NA;NA;NA;NA;"0";NA;"0";NA;NA;NA;NA;"0";NA;NA;"1";"0";NA;"0";"1";"1";NA;"1";NA;"0";"0";"0";NA;"0";"1";"1";NA;"w";NA;NA;NA;NA;"1";"1";NA;"0"
2016-03-10;NA;NA;"0";"0";"0";NA;NA;NA;NA;"0";NA;"0";NA;NA;NA;NA;"1";NA;NA;"1";"0";NA;"0";"1";"1";NA;"0";NA;"0";"0";"0";NA;"0";"1";"1";NA;"w";NA;NA;NA;NA;"1";"0";NA;"0"
2016-03-11;NA;NA;"0";"0";"0";NA;NA;NA;NA;"0";NA;"0";NA;NA;NA;NA;"1";NA;NA;"0";"0";NA;"0";"1";"1";NA;"0";NA;"0";"0";"0";NA;"0";"1";"1";NA;"w";NA;NA;NA;NA;"1";"0";NA;"0"
2016-03-12;NA;NA;"0";"1";"0";NA;NA;NA;NA;"0";NA;"1";NA;NA;NA;NA;"1";NA;NA;"0";"0";NA;"1";"1";"1";NA;"1";NA;"0";"0";"0";NA;"1";"0";"1";NA;"w";NA;NA;NA;NA;"0";"0";NA;"0"
2016-03-13;NA;NA;"1";"0";"0";NA;NA;NA;NA;"0";NA;"0";NA;NA;NA;NA;"0";NA;NA;"1";"0";NA;"1";"1";"0";NA;"1";NA;"0";"0";"0";NA;"0";"0";"1";NA;"w";NA;NA;NA;NA;"1";"0";NA;"0"
2016-03-14;NA;NA;"1";"1";"0";NA;NA;NA;NA;"0";NA;"0";NA;NA;NA;NA;"1";NA;NA;"0";"0";NA;"1";"1";"0";NA;"1";NA;"0";"0";"0";NA;"0";"0";"1";NA;"w";NA;NA;NA;NA;"1";"0";NA;"0"
2016-03-15;NA;NA;"1";"1";"0";NA;NA;NA;NA;"0";NA;"0";NA;NA;NA;NA;"1";NA;NA;"1";"0";NA;"1";"1";"0";NA;"1";NA;"0";"0";"1";NA;"0";"0";"1";NA;"w";NA;NA;NA;NA;"0";"0";NA;"0"
2016-03-16;NA;NA;"0";"1";"0";NA;NA;NA;NA;"0";NA;"1";NA;NA;NA;NA;"0";NA;NA;"0";"0";NA;"1";"1";"1";NA;"1";NA;"0";"0";"0";NA;"0";"0";"1";NA;"w";NA;NA;NA;NA;"0";"0";NA;"0"
2016-03-17;NA;NA;"1";"1";"0";NA;NA;NA;NA;"0";NA;"1";NA;NA;NA;NA;"0";NA;NA;"0";"0";NA;"1";"1";"1";NA;"1";NA;"0";"0";"0";NA;"0";"0";"1";NA;"w";NA;NA;NA;NA;"1";"0";NA;"1"
2016-03-18;NA;NA;"0";"1";"0";NA;NA;NA;NA;"0";NA;"1";NA;NA;NA;NA;"1";NA;NA;"0";"0";NA;"1";"1";"1";NA;"0";NA;"1";"0";"0";NA;"0";"0";"1";NA;"w";NA;NA;NA;NA;"0";"0";NA;"0"
2016-03-19;NA;NA;"0";"1";"0";NA;NA;NA;NA;"0";NA;"0";NA;NA;NA;NA;"1";NA;NA;"0";"0";NA;"1";"1";"0";NA;"0";NA;"1";"1";"1";NA;"0";"0";"1";NA;"w";NA;NA;NA;NA;"0";"0";NA;"0"
2016-03-20;NA;NA;"0";"0";"0";NA;NA;NA;NA;"0";NA;"0";NA;NA;NA;NA;"1";NA;NA;"0";"0";NA;"1";"1";"0";NA;"0";NA;"1";"0";"0";NA;"0";"0";"1";NA;"w";NA;NA;NA;NA;"0";"0";NA;"0"
2016-03-21;NA;NA;"0";"0";"0";NA;NA;NA;NA;"0";NA;"0";NA;NA;NA;NA;"1";NA;NA;"0";"0";NA;"1";"0";"0";NA;"1";NA;"1";"1";"1";NA;NA;"1";NA;NA;NA;NA;NA;NA;NA;"0";"0";NA;"0"
2016-03-22;NA;NA;"0";"0";"0";NA;NA;NA;NA;"0";NA;"0";NA;NA;NA;NA;"1";NA;NA;"0";"0";NA;"1";"1";"0";NA;"0";NA;"1";"1";"0";NA;"0";"1";"1";NA;NA;NA;NA;NA;NA;"0";"0";NA;"0"
2016-03-23;NA;NA;"0";"0";"0";NA;NA;NA;NA;"0";NA;"0";NA;NA;NA;NA;"1";NA;NA;"0";"0";NA;"1";"1";"0";NA;"0";NA;"0";"1";"0";NA;"0";"1";"1";NA;"w";NA;NA;NA;NA;"0";"0";NA;"0"
2016-03-24;NA;NA;"0";"0";"0";NA;NA;NA;NA;"0";NA;"0";NA;NA;NA;NA;"1";NA;NA;"0";"0";NA;"1";"1";"0";NA;"1";NA;"0";"1";"0";NA;"1";"1";"1";NA;"w";NA;NA;NA;NA;"0";"0";NA;"0"
2016-03-25;NA;NA;"0";"0";"0";NA;NA;NA;NA;"0";NA;"0";NA;NA;NA;NA;"1";NA;NA;"0";"0";NA;"1";"1";"0";NA;"0";NA;"0";"1";"0";NA;"0";"1";"1";NA;"w";NA;NA;NA;NA;"1";"0";NA;"0"
2016-03-26;NA;NA;"0";"0";"0";NA;NA;NA;NA;"0";NA;"0";NA;NA;NA;NA;"1";NA;NA;"0";"0";NA;"1";"1";"0";NA;"0";NA;"0";"1";"0";NA;"0";"1";"0";NA;"w";NA;NA;NA;NA;"1";"0";NA;"0"
2016-03-27;NA;NA;"1";"0";"0";NA;NA;NA;NA;"0";NA;"0";NA;NA;NA;NA;"1";NA;NA;"0";"0";NA;"0";"1";"0";NA;"0";NA;"0";"1";"0";NA;"1";"1";"1";NA;"w";NA;NA;NA;NA;"0";"0";NA;"0"
2016-03-28;NA;NA;"0";"0";"0";NA;NA;NA;NA;"0";NA;"0";NA;NA;NA;NA;"0";NA;NA;"0";"0";NA;"0";"1";"0";NA;"1";NA;"0";"0";"0";NA;"0";"0";"1";NA;"w";NA;NA;NA;NA;"1";"0";NA;"0"
2016-03-29;NA;NA;"1";"0";"0";NA;NA;NA;NA;"0";NA;"0";NA;NA;NA;NA;"1";NA;NA;"1";"0";NA;"0";"1";"0";NA;"0";NA;"0";"0";"0";NA;"0";"1";"1";NA;"w";NA;NA;NA;NA;"1";"0";NA;"0"
2016-03-30;NA;NA;"0";"0";"0";NA;NA;NA;NA;"0";NA;"0";NA;NA;NA;NA;"1";NA;NA;"1";"0";NA;"0";"1";"1";NA;"1";NA;"0";"0";"0";NA;"0";"0";"1";NA;"w";NA;NA;NA;NA;"1";"0";NA;"0"
2016-03-31;NA;NA;"0";"0";"0";NA;NA;NA;NA;"0";NA;"0";NA;NA;NA;NA;"0";NA;NA;"1";"0";NA;"0";"1";"1";NA;"1";NA;"0";"0";"0";NA;"0";"0";"1";NA;"w";NA;NA;NA;NA;"1";"0";NA;"0"
2016-04-01;NA;NA;"1";"0";"0";NA;NA;NA;NA;"0";NA;"0";NA;NA;NA;NA;"0";NA;NA;"1";"0";NA;"0";"1";"0";NA;"0";NA;"0";"0";"0";NA;"0";"1";"1";NA;"w";NA;NA;NA;NA;"1";"0";NA;"0"
2016-04-02;NA;NA;"0";"0";"0";NA;NA;NA;NA;"0";NA;"0";NA;NA;NA;NA;"0";NA;NA;"1";"0";NA;"0";"1";"1";NA;"1";NA;"0";"0";"0";NA;"1";"1";"1";NA;"w";NA;NA;NA;NA;"0";"0";NA;"0"
2016-04-03;NA;NA;"1";"0";"0";NA;NA;NA;NA;"0";NA;"0";NA;NA;NA;NA;"1";NA;NA;"0";"0";NA;"0";"1";"0";NA;"1";NA;"0";"0";"0";NA;"0";"0";"0";NA;"w";NA;NA;NA;NA;"0";"0";NA;"1"
2016-04-04;NA;NA;"1";"0";"1";NA;NA;NA;NA;"0";NA;"0";NA;NA;NA;NA;"0";NA;NA;"1";"0";NA;"0";"1";"1";NA;"1";NA;"0";"0";"0";NA;"0";"0";"1";NA;"w";NA;NA;NA;NA;"1";"0";NA;"0"
2016-04-05;NA;NA;"0";"0";"1";NA;NA;NA;NA;"0";NA;"0";NA;NA;NA;NA;"0";NA;NA;"1";"0";NA;"0";"1";"1";NA;"1";NA;"0";"0";"0";NA;"0";"0";"1";NA;"w";NA;NA;NA;NA;"1";"0";NA;"0"
2016-04-06;NA;NA;"1";"0";"1";NA;NA;NA;NA;"0";NA;"0";NA;NA;NA;NA;"0";NA;NA;"1";"0";NA;"0";"1";"0";NA;"1";NA;"0";"0";"0";NA;"0";"1";"1";NA;"w";NA;NA;NA;NA;"1";"0";NA;"0"
2016-04-07;NA;NA;"0";"0";"1";NA;NA;NA;NA;"0";NA;"0";NA;NA;NA;NA;"0";NA;NA;"1";"0";NA;"0";"1";"1";NA;"1";NA;"0";"0";"0";NA;"0";"1";"1";NA;"w";NA;NA;NA;NA;"1";"1";NA;"0"
2016-04-08;NA;NA;"0";"0";"1";NA;NA;NA;NA;"0";NA;"0";NA;NA;NA;NA;"0";NA;NA;"1";"0";NA;"0";"1";"1";NA;"1";NA;"0";"0";"0";NA;"0";"0";"1";NA;"w";NA;NA;NA;NA;"1";"0";NA;"0"
2016-04-09;NA;NA;"0";"0";"1";NA;NA;NA;NA;"0";NA;"0";NA;NA;NA;NA;"1";NA;NA;"1";"0";NA;"0";"1";"1";NA;"0";NA;"0";"0";"1";NA;"1";"1";"1";NA;"w";NA;NA;NA;NA;"0";"0";NA;"0"
2016-04-10;NA;NA;"1";"0";"1";NA;NA;NA;NA;"0";NA;"0";NA;NA;NA;NA;"1";NA;NA;"1";"0";NA;"0";"1";"1";NA;"1";NA;"0";"1";"1";NA;"0";"0";"1";NA;"w";NA;NA;NA;NA;"0";"0";NA;"0"
2016-04-11;NA;NA;"1";"0";"1";NA;NA;NA;NA;"0";NA;"0";NA;NA;NA;NA;"0";NA;NA;"0";"0";NA;"0";"1";"1";NA;"1";NA;"0";"1";"0";NA;"0";"1";"1";NA;"w";NA;NA;NA;NA;"0";"0";NA;"0"
2016-04-12;NA;NA;"1";"0";"1";NA;NA;NA;NA;"0";NA;"0";NA;NA;NA;NA;"0";NA;NA;"1";"0";NA;"0";"1";"0";NA;"1";NA;"0";"0";"0";NA;"0";"0";"1";NA;"w";NA;NA;NA;NA;"1";"0";NA;"0"
2016-04-13;NA;NA;"0";"0";"1";NA;NA;NA;NA;"0";NA;"0";NA;NA;NA;NA;"0";NA;NA;"0";"0";NA;"0";"1";"1";NA;"1";NA;"0";"0";"0";NA;"0";"1";"1";NA;"w";NA;NA;NA;NA;"1";"0";NA;"0"
2016-04-14;NA;NA;"0";"0";"1";NA;NA;NA;NA;"0";NA;"0";NA;NA;NA;NA;"0";NA;NA;"1";"0";NA;"0";"1";"1";NA;"1";NA;"0";"0";"0";NA;"0";"1";"1";NA;"w";NA;NA;NA;NA;"1";"0";NA;"0"
2016-04-15;NA;NA;"0";"0";"0";NA;NA;NA;NA;"0";NA;"0";NA;NA;NA;NA;"1";NA;NA;"0";"0";NA;"0";"1";"0";NA;"0";NA;"0";"0";"0";NA;"1";"0";"1";NA;"w";NA;NA;NA;NA;"1";"0";NA;"0"
2016-04-16;NA;NA;"1";"0";"0";NA;NA;NA;NA;"0";NA;"0";NA;NA;NA;NA;"1";NA;NA;"1";"0";NA;"0";"1";"0";NA;"0";NA;"0";"1";"0";NA;"0";"0";"1";NA;"w";NA;NA;NA;NA;"0";"0";NA;"0"
2016-04-17;NA;NA;"1";"0";"0";NA;NA;NA;NA;"0";NA;"0";NA;NA;NA;NA;"1";NA;NA;"0";"0";NA;"0";"1";"0";NA;"1";NA;"0";"1";"0";NA;"0";"0";"1";NA;"w";NA;NA;NA;NA;"1";"0";NA;"0"
2016-04-18;NA;NA;"0";"0";"1";NA;NA;NA;NA;"0";NA;"0";NA;NA;NA;NA;"0";NA;NA;"1";"0";NA;"0";"1";"1";NA;"1";NA;"0";"0";"0";NA;"0";"0";"1";NA;"w";NA;NA;NA;NA;"1";"0";NA;"0"
2016-04-19;NA;NA;"1";"0";"1";NA;NA;NA;NA;"0";NA;"0";NA;NA;NA;NA;"0";NA;NA;"1";"1";NA;"0";"1";"1";NA;"1";NA;"0";"0";"0";NA;"0";"0";"1";NA;"w";NA;NA;NA;NA;"1";"0";NA;"0"
2016-04-20;NA;NA;"1";"0";"1";NA;NA;NA;NA;"0";NA;"0";NA;NA;NA;NA;"0";NA;NA;"1";"0";NA;"0";"1";"1";NA;"1";NA;"0";"0";"0";NA;"0";"0";"1";NA;"w";NA;NA;NA;NA;"1";"0";NA;"0"
2016-04-21;NA;NA;"1";"0";"1";NA;NA;NA;NA;"0";NA;"0";NA;NA;NA;NA;"0";NA;NA;"1";"0";NA;"0";"1";"1";NA;"1";NA;"0";"0";"0";NA;"0";"0";"1";NA;"w";NA;NA;NA;NA;"1";"0";NA;"0"
2016-04-22;NA;NA;"1";"0";"1";NA;NA;NA;NA;"0";NA;"0";NA;NA;NA;NA;"1";NA;NA;"1";"0";NA;"0";"1";"1";NA;"1";NA;"0";"0";"0";NA;"0";"0";"1";NA;"w";NA;NA;NA;NA;"0";"0";NA;"0"
2016-04-23;NA;NA;"1";"0";"0";NA;NA;NA;NA;"0";NA;"0";NA;NA;NA;NA;"1";NA;NA;"1";"0";NA;"0";"1";"1";NA;"1";NA;"0";"0";"0";NA;"1";"0";"1";NA;"me";NA;NA;NA;NA;"0";"0";NA;"0"
2016-04-24;NA;NA;"0";"0";"0";NA;NA;NA;NA;"0";NA;"0";NA;NA;NA;NA;"1";NA;NA;"1";"0";NA;"0";"1";"1";NA;"0";NA;"0";"0";"1";NA;"0";"1";"1";NA;"me";NA;NA;NA;NA;"0";"0";NA;"0"
2016-04-25;NA;NA;"0";"0";"1";NA;NA;NA;NA;"0";NA;"0";NA;NA;NA;NA;"0";NA;NA;"0";"0";NA;"0";"1";"1";NA;"1";NA;"0";"0";"0";NA;"0";"0";"1";NA;"me";NA;NA;NA;NA;"1";"0";NA;"0"
2016-04-26;NA;NA;"0";"0";"1";NA;NA;NA;NA;"0";NA;"0";NA;NA;NA;NA;"0";NA;NA;"1";"0";NA;"0";"1";"1";NA;"0";NA;"0";"0";"0";NA;"0";"0";"1";NA;"w";NA;NA;NA;NA;"1";"0";NA;"0"
2016-04-27;NA;NA;"1";"0";"1";NA;NA;NA;NA;"0";NA;"0";NA;NA;NA;NA;"0";NA;NA;"0";"0";NA;"0";"1";"1";NA;"1";NA;"0";"0";"0";NA;"0";"0";"1";NA;"w";NA;NA;NA;NA;"1";"0";NA;"0"
2016-04-28;NA;NA;"0";"0";"0";NA;NA;NA;NA;"0";NA;"1";NA;NA;NA;NA;"1";NA;NA;"0";"0";NA;"0";"1";"0";NA;"0";NA;"0";"0";"1";NA;"0";"0";"1";NA;"w";NA;NA;NA;NA;"1";"0";NA;"0"
2016-04-29;NA;NA;"1";"0";"0";NA;NA;NA;NA;"0";NA;"1";NA;NA;NA;NA;"1";NA;NA;"0";"0";NA;"0";"1";"1";NA;"0";NA;"0";"0";"0";NA;"0";"0";"1";NA;"w";NA;NA;NA;NA;"0";"0";NA;"0"
2016-04-30;NA;NA;"0";"0";"0";NA;NA;NA;NA;"0";NA;"0";NA;NA;NA;NA;"1";NA;NA;"0";"0";NA;"0";"1";"0";NA;"0";NA;"0";"0";"0";NA;"0";"1";"1";NA;"w";NA;NA;NA;NA;"0";"0";NA;"0"
2016-05-01;NA;NA;"0";"0";"0";NA;NA;NA;NA;"0";NA;"0";NA;NA;NA;NA;"0";NA;NA;"0";"0";NA;"0";"1";"0";NA;"0";NA;"0";"0";"0";NA;"1";"1";"1";NA;"w";NA;NA;NA;NA;"0";"0";NA;"0"
2016-05-02;NA;NA;"0";"0";"0";NA;NA;NA;NA;"0";NA;"0";NA;NA;NA;NA;"1";NA;NA;"0";"0";NA;"0";"1";"0";NA;"0";NA;"0";"0";"0";NA;"0";"1";"1";NA;"w";NA;NA;NA;NA;"1";"0";NA;"0"
2016-05-03;NA;NA;"1";"0";"0";NA;NA;NA;NA;"0";NA;"0";NA;NA;NA;NA;"0";NA;NA;"0";"0";NA;"0";"1";"0";NA;"1";NA;"0";"0";"0";NA;"0";"1";"1";NA;"w";NA;NA;NA;NA;"1";"0";NA;"0"
2016-05-04;NA;NA;"0";"0";"0";NA;NA;NA;NA;"0";NA;"0";NA;NA;NA;NA;"1";NA;NA;"0";"0";NA;"0";"1";"0";NA;"1";NA;"0";"0";"0";NA;"0";"1";"1";NA;"w";NA;NA;NA;NA;"1";"0";NA;"0"
2016-05-05;NA;NA;"0";"0";"0";NA;NA;NA;NA;"0";NA;"1";NA;NA;NA;NA;"0";NA;NA;"0";"0";NA;"0";"1";"0";NA;"1";NA;"0";"0";"0";NA;"0";"0";"1";NA;"w";NA;NA;NA;NA;"1";"0";NA;"0"
2016-05-06;NA;NA;"0";"0";"0";NA;NA;NA;NA;"0";NA;"0";NA;NA;NA;NA;"1";NA;NA;"0";"0";NA;"0";"1";"0";NA;"0";NA;"0";"0";"0";NA;"1";"0";"1";NA;"w";NA;NA;NA;NA;"1";"0";NA;"0"
2016-05-07;NA;NA;"0";"0";"0";NA;NA;NA;NA;"0";NA;"1";NA;NA;NA;NA;"1";NA;NA;"0";"0";NA;"0";"1";"1";NA;"0";NA;"0";"0";"0";NA;"1";"0";"1";NA;"w";NA;NA;NA;NA;"1";"0";NA;"0"
2016-05-08;NA;NA;"1";"0";"0";NA;NA;NA;NA;"0";NA;"1";NA;NA;NA;NA;"1";NA;NA;"0";"0";NA;"0";"1";"1";NA;"0";NA;"0";"0";"1";NA;"0";"1";"1";NA;"w";NA;NA;NA;NA;"0";"0";NA;"0"
2016-05-09;NA;NA;"0";"0";"1";NA;NA;NA;NA;"0";NA;"0";NA;NA;NA;NA;"1";NA;NA;"0";"0";NA;"0";"1";"1";NA;"0";NA;"0";"0";"1";NA;"1";"0";"1";NA;"w";NA;NA;NA;NA;"1";"0";NA;"0"
2016-05-10;NA;NA;"0";"0";"1";NA;NA;NA;NA;"0";NA;"0";NA;NA;NA;NA;"1";NA;NA;"0";"0";NA;"0";"1";"1";NA;"0";NA;"0";"0";"1";NA;"1";"0";"1";NA;"w";NA;NA;NA;NA;"1";"0";NA;"0"
2016-05-11;NA;NA;"0";"0";"0";NA;NA;NA;NA;"0";NA;"1";NA;NA;NA;NA;"1";NA;NA;"0";"0";NA;"0";"1";"1";NA;"0";NA;"0";"0";"0";NA;"1";"0";"1";NA;"w";NA;NA;NA;NA;"0";"0";NA;"0"
2016-05-12;NA;NA;"1";"0";"0";NA;NA;NA;NA;"0";NA;"0";NA;NA;NA;NA;"1";NA;NA;"0";"0";NA;"0";"1";"0";NA;"0";NA;"0";"0";"0";NA;"0";"1";"1";NA;"w";NA;NA;NA;NA;"1";"0";NA;"0"
2016-05-13;NA;NA;"0";"0";"0";NA;NA;NA;NA;"0";NA;"1";NA;NA;NA;NA;"1";NA;NA;"0";"0";NA;"0";"1";"1";NA;"0";NA;"0";"1";"0";NA;"1";"0";"1";NA;"w";NA;NA;NA;NA;"0";"0";NA;"0"
2016-05-14;NA;NA;"0";"0";"0";NA;NA;NA;NA;"0";NA;"0";NA;NA;NA;NA;"0";NA;NA;"0";"0";NA;"0";"1";"1";NA;"0";NA;"0";"0";"0";NA;"0";"0";"1";NA;"w";NA;NA;NA;NA;"1";"0";NA;"0"
2016-05-15;NA;NA;"1";"0";"0";NA;NA;NA;NA;"0";NA;"0";NA;NA;NA;NA;"0";NA;NA;"0";"0";NA;"0";"1";"1";NA;"0";NA;"0";"0";"0";NA;"1";"0";"1";NA;"w";NA;NA;NA;NA;"0";"0";NA;"0"
2016-05-16;NA;NA;"0";"0";"0";NA;NA;NA;NA;"0";NA;"0";NA;NA;NA;NA;"1";NA;NA;"0";"0";NA;"0";"1";"1";NA;"0";NA;"0";"0";"0";NA;"1";"0";"1";NA;"w";NA;NA;NA;NA;"1";"0";NA;"0"
2016-05-17;NA;NA;"0";"0";"0";NA;NA;NA;NA;"0";NA;"0";NA;NA;NA;NA;"1";NA;NA;"0";"0";NA;"0";"1";"1";NA;"0";NA;"0";"0";"0";NA;"1";"0";"1";NA;"w";NA;NA;NA;NA;"0";"0";NA;"0"
2016-05-18;NA;NA;"1";"0";"0";NA;NA;NA;NA;"0";NA;"0";NA;NA;NA;NA;"1";NA;NA;"0";"0";NA;"0";"1";"1";NA;"0";NA;"0";"0";"1";NA;"0";"0";"1";NA;"w";NA;NA;NA;NA;"1";"1";NA;"0"
2016-05-19;NA;NA;"1";"0";"0";NA;NA;NA;NA;"0";NA;"0";NA;NA;NA;NA;"0";NA;NA;"0";"0";NA;"0";"1";"1";NA;"0";NA;"0";"0";"0";NA;"0";"0";"1";NA;"w";NA;NA;NA;NA;"0";"0";NA;"0"
2016-05-20;NA;NA;"0";"0";"0";NA;NA;NA;NA;"0";NA;"0";NA;NA;NA;NA;"1";NA;NA;"0";"0";NA;"0";"1";"1";NA;"0";NA;"0";"0";"0";NA;"0";"0";"1";NA;"w";NA;NA;NA;NA;"1";"0";NA;"0"
2016-05-21;NA;NA;"0";"0";"0";NA;NA;NA;NA;"0";NA;"0";NA;NA;NA;NA;"1";NA;NA;"0";"0";NA;"0";"1";"1";NA;"0";NA;"0";"1";"0";NA;"1";"0";"1";NA;"w";NA;NA;NA;NA;"0";"0";NA;"0"
2016-05-22;NA;NA;"1";"0";"0";NA;NA;NA;NA;"0";NA;"0";NA;NA;NA;NA;"0";NA;NA;"0";"0";NA;"0";"1";"0";NA;"0";NA;"0";"1";"0";NA;"1";"1";"1";NA;"w";NA;NA;NA;NA;"0";"0";NA;"0"
2016-05-23;NA;NA;"0";"0";"0";NA;NA;NA;NA;"0";NA;"0";NA;NA;NA;NA;"1";NA;NA;"0";"0";NA;"0";"1";"0";NA;"0";NA;"0";"0";"0";NA;"0";"1";"1";NA;"w";NA;NA;NA;NA;"1";"0";NA;"0"
2016-05-24;NA;NA;"1";"0";"0";NA;NA;NA;NA;"0";NA;"0";NA;NA;NA;NA;"1";NA;NA;"0";"0";NA;"0";"1";"0";NA;"0";NA;"0";"0";"0";NA;"0";"0";"1";NA;"w";NA;NA;NA;NA;"0";"0";NA;"0"
2016-05-25;NA;NA;"0";"0";"0";NA;NA;NA;NA;"0";NA;"0";NA;NA;NA;NA;"0";NA;NA;"0";"0";NA;"0";"1";"0";NA;"0";NA;"0";"0";"0";NA;"0";"0";"1";NA;"w";NA;NA;NA;NA;"0";"0";NA;"0"
2016-05-26;NA;NA;"0";"0";"0";NA;NA;NA;NA;"0";NA;"0";NA;NA;NA;NA;"1";NA;NA;"0";"0";NA;"0";"1";"0";NA;"0";NA;"0";"0";"0";NA;"1";"1";"1";NA;"w";NA;NA;NA;NA;"0";"0";NA;"0"
2016-05-27;NA;NA;"0";"0";"0";NA;NA;NA;NA;"0";NA;"0";NA;NA;NA;NA;"1";NA;NA;"0";"0";NA;"0";"1";"0";NA;"0";NA;"0";"1";"1";NA;"1";"0";"1";NA;"w";NA;NA;NA;NA;"0";"0";NA;"0"
2016-05-28;NA;NA;"0";"0";"0";NA;NA;NA;NA;"0";NA;"0";NA;NA;NA;NA;"1";NA;NA;"0";"0";NA;"0";"1";"0";NA;"0";NA;"0";"1";"1";NA;"0";"0";"1";NA;"w";NA;NA;NA;NA;"0";"0";NA;"0"
2016-05-29;NA;NA;"0";"0";"0";NA;NA;NA;NA;"0";NA;"0";NA;NA;NA;NA;"1";NA;NA;"0";"0";NA;"0";"1";"1";NA;"0";NA;"0";"0";"1";NA;"0";"0";"1";NA;"w";NA;NA;NA;NA;"0";"0";NA;"0"
2016-05-30;NA;NA;"0";"1";"0";NA;NA;NA;NA;"0";NA;"0";NA;NA;NA;NA;"1";NA;NA;"0";"0";NA;"1";"1";"1";NA;"0";NA;"0";"0";"1";NA;"0";"0";"0";NA;"w";NA;NA;NA;NA;"0";"0";NA;"0"
2016-05-31;NA;NA;"1";"1";"0";NA;NA;NA;NA;"0";NA;"0";NA;NA;NA;NA;"1";NA;NA;"0";"0";NA;"1";"1";"0";NA;"0";NA;"0";"1";"0";NA;"0";"0";"0";NA;"w";NA;NA;NA;NA;"0";"0";NA;"0"
2016-06-01;NA;NA;"0";"1";"0";NA;"0";NA;NA;"0";NA;"0";NA;NA;NA;NA;"1";NA;NA;"0";"0";NA;"1";"1";"0";NA;"0";NA;"0";"0";"0";NA;"1";"0";"1";"0";"w";NA;NA;"0";NA;"0";"0";NA;"0"
2016-06-02;NA;NA;"0";"1";"1";NA;"0";NA;NA;"0";NA;"1";NA;NA;NA;NA;"0";NA;NA;"0";"0";NA;"1";"1";"1";NA;"0";NA;"0";"0";"0";NA;"0";"0";"0";"0";"w";NA;NA;"0";NA;"1";"0";NA;"0"
2016-06-03;NA;NA;"0";"1";"1";NA;"0";NA;NA;"0";NA;"1";NA;NA;NA;NA;"0";NA;NA;"0";"0";NA;"1";"1";"1";NA;"0";NA;"0";"0";"0";NA;"1";"0";"0";"0";"w";NA;NA;"0";NA;"1";"0";NA;"0"
2016-06-04;NA;NA;"1";"1";"1";NA;"0";NA;NA;"0";NA;"1";NA;NA;NA;NA;"0";NA;NA;"0";"0";NA;"1";"1";"1";NA;"0";NA;"0";"0";"0";NA;"1";"1";"1";"0";"w";NA;NA;"0";NA;"0";"0";NA;"0"
2016-06-05;NA;NA;"0";"1";"0";NA;"0";NA;NA;"0";NA;"0";NA;NA;NA;NA;"1";NA;NA;"0";"0";NA;"1";"1";"1";NA;"1";NA;"0";"0";"0";NA;"1";"0";"1";"0";"w";NA;NA;"0";NA;"1";"0";NA;"0"
2016-06-06;NA;NA;"1";"1";"1";NA;"0";NA;NA;"0";NA;"1";NA;NA;NA;NA;"0";NA;NA;"0";"0";NA;"1";"1";"1";NA;"0";NA;"0";"0";"0";NA;"1";"0";"1";"0";"w";NA;NA;"0";NA;"0";"0";NA;"0"
2016-06-07;NA;NA;"0";"0";"0";NA;"0";NA;NA;"0";NA;"0";NA;NA;NA;NA;"1";NA;"1";"0";"0";NA;"0";"1";"0";NA;"0";NA;"0";"0";"0";"1";"0";"0";"1";"0";"n";NA;NA;"0";NA;"0";"0";NA;"0"
2016-06-08;NA;NA;"0";"0";"0";NA;"0";NA;NA;"0";NA;"0";NA;NA;NA;NA;"1";NA;"1";"0";"0";NA;"1";"1";"0";NA;"0";NA;"0";"0";"0";"1";"0";"1";"1";"0";"w";NA;NA;"0";NA;"1";"0";NA;"0"
2016-06-09;NA;NA;"1";"0";"1";NA;"0";NA;NA;"0";NA;"1";NA;NA;NA;NA;"1";NA;"1";"0";"0";NA;"1";"1";"1";NA;"0";NA;"0";"0";"0";"1";"0";"0";"1";"0";"w";NA;NA;"0";NA;"0";"0";NA;"0"
2016-06-10;NA;NA;"1";"0";"0";NA;"0";NA;NA;"0";NA;"0";NA;NA;NA;NA;"1";NA;"1";"0";"0";NA;"1";"1";"1";NA;"0";NA;"0";"0";"0";"1";"0";"0";"1";"0";"w";NA;NA;"0";NA;"1";"0";NA;"0"
2016-06-11;NA;NA;"1";"0";"0";NA;"0";NA;NA;"0";NA;"0";NA;NA;NA;NA;"1";NA;"1";"0";"0";NA;"1";"1";"1";NA;"0";NA;"0";"0";"0";"1";"0";"0";"1";"0";"w";NA;NA;"0";NA;"1";"0";NA;"0"
2016-06-12;NA;NA;"0";"1";"0";NA;"0";NA;NA;"0";NA;"0";NA;NA;NA;NA;"1";NA;"1";"0";"0";NA;"1";"1";"1";NA;"0";NA;"0";"0";"0";"1";"0";"0";"1";"0";"n";NA;NA;"0";NA;"0";"0";NA;"0"
2016-06-13;NA;NA;"0";"1";"1";NA;"0";NA;NA;"0";NA;"1";NA;NA;NA;NA;"1";NA;"1";"0";"0";NA;"1";"1";"0";NA;"0";NA;"0";"0";"0";"1";"0";"0";"1";"0";"w";NA;NA;"0";NA;"0";"0";NA;"0"
2016-06-14;NA;NA;"0";"1";"0";NA;"0";NA;NA;"0";NA;"0";NA;NA;NA;NA;"1";NA;"1";"0";"0";NA;"1";"1";"1";NA;"0";NA;"0";"0";"0";"1";"0";"1";"1";"0";"n";NA;NA;"0";NA;"1";"0";NA;"0"
2016-06-15;NA;NA;"0";"1";"0";NA;"0";NA;NA;"0";NA;"0";NA;NA;NA;NA;NA;NA;"1";"0";"0";NA;"1";"1";NA;NA;"0";NA;"0";"0";NA;"1";"0";NA;"1";"0";"n";NA;NA;"0";NA;"0";"0";NA;"0"
2016-06-16;NA;NA;"1";"1";"0";NA;"0";NA;NA;"0";NA;"0";NA;NA;NA;NA;NA;NA;"1";"0";"0";NA;"1";"1";"1";NA;"0";NA;"0";"0";"1";"1";"0";"0";"1";"0";"n";NA;NA;"0";NA;"0";"0";NA;"0"
2016-06-17;NA;NA;"1";"1";"0";NA;"0";NA;NA;"0";NA;"0";NA;NA;NA;NA;"1";NA;"1";"0";"0";NA;"1";"1";NA;NA;"0";NA;"0";"0";"0";"1";"0";"0";"1";"0";"n";NA;NA;"0";NA;NA;"0";NA;"0"
2016-06-18;NA;NA;"1";"1";"0";NA;"0";NA;NA;"0";NA;"0";NA;NA;NA;NA;"1";NA;"1";"0";"0";NA;"1";"1";"1";NA;"1";NA;"0";"0";"0";"1";"0";"0";"0";"0";"n";NA;NA;"0";NA;"1";"0";NA;"0"
2016-06-19;NA;NA;"0";"1";"0";NA;"0";NA;NA;"0";NA;"0";NA;NA;NA;NA;"1";NA;"1";"0";"0";NA;"1";"1";"1";NA;"0";NA;"0";"0";"1";"1";"0";"1";"1";"0";"n";NA;NA;"0";NA;"1";"0";NA;"0"
2016-06-20;NA;NA;"0";"1";"0";NA;"0";NA;NA;"0";NA;"0";NA;NA;NA;NA;"1";NA;"1";"0";"0";NA;"1";"1";"1";NA;"0";NA;"0";"0";"0";"1";"0";"1";"1";"0";"n";NA;NA;"0";NA;"0";"0";NA;"0"
2016-06-21;NA;NA;"0";"1";"0";NA;"0";NA;NA;"0";NA;"0";NA;NA;NA;NA;"1";NA;"1";"0";"0";NA;"1";"1";"1";NA;"0";NA;"0";"0";"0";"1";"0";"1";"1";"0";"n";NA;NA;"0";NA;"1";"0";NA;"0"
2016-06-22;NA;NA;"1";"1";"0";NA;"0";NA;NA;"0";NA;"0";NA;NA;NA;NA;"1";NA;"1";"0";"0";NA;"1";"1";"1";NA;"0";NA;"0";"0";"0";"1";"0";"1";"0";"0";"n";NA;NA;"0";NA;"1";"0";NA;"0"
2016-06-23;NA;NA;"1";"1";"0";NA;"0";NA;NA;"0";NA;"0";NA;NA;NA;NA;"1";NA;"1";"0";"0";NA;"1";"1";"1";NA;"0";NA;"0";"0";"0";"1";"0";"1";"0";"0";"n";NA;NA;"0";NA;"1";"0";NA;"0"
2016-06-24;NA;NA;"0";"1";"0";NA;"0";NA;NA;"0";NA;"0";NA;NA;NA;NA;"1";NA;"1";"0";"0";NA;"1";"1";"1";NA;"0";NA;"0";"0";"0";"1";"0";"0";"0";"0";"n";NA;NA;"0";NA;"1";"0";NA;"0"
2016-06-25;NA;NA;"0";"1";"0";NA;"0";NA;NA;"0";NA;"0";NA;NA;NA;NA;"1";NA;"1";"0";"0";NA;"1";"1";"1";NA;"0";NA;"0";"0";"0";"1";"0";"1";"1";"0";"n";NA;NA;"0";NA;"1";"0";NA;"0"
2016-06-26;NA;NA;"0";"1";"0";NA;"0";NA;NA;"0";NA;"0";NA;NA;NA;NA;"1";NA;"1";"0";"0";NA;"1";"1";"1";NA;"0";NA;"0";"0";"0";"1";"0";"0";"0";"0";"n";NA;NA;"0";NA;"1";"0";NA;"0"
2016-06-27;NA;NA;"0";"1";"0";NA;"0";NA;NA;"0";NA;"0";NA;NA;NA;NA;"0";NA;"1";"0";"0";NA;"1";"1";"1";NA;"0";NA;"0";"0";"0";"1";"0";"1";"0";"0";"n";NA;NA;"0";NA;"1";"0";NA;"0"
2016-06-28;NA;NA;"0";"1";"0";NA;"0";NA;NA;"0";NA;"0";NA;NA;NA;NA;"0";NA;"1";"0";"0";NA;"1";"1";"1";NA;"0";NA;"0";"0";"0";"1";"0";"1";"1";"0";"n";NA;NA;"0";NA;"1";"0";NA;"0"
2016-06-29;NA;NA;"0";"1";"0";NA;"0";NA;NA;"0";NA;"0";NA;NA;NA;NA;"0";NA;"1";"0";"0";NA;"1";"1";"1";NA;"0";NA;"0";"0";"0";"1";"0";"1";"1";"0";"n";NA;NA;"0";NA;"0";"0";NA;"0"
2016-06-30;NA;NA;"0";"1";"0";NA;"0";NA;NA;"0";NA;"0";NA;NA;NA;NA;"1";NA;"1";"0";"0";NA;"1";"1";"1";NA;"0";NA;"0";"0";"0";"1";"0";"1";"1";"0";"n";NA;NA;"0";NA;"0";"0";NA;"0"
2016-07-01;NA;NA;"0";"1";"0";NA;"0";NA;NA;"0";NA;"0";NA;NA;NA;NA;"1";NA;"1";"0";"0";NA;"1";"1";"1";NA;"0";NA;"0";"0";"1";"1";"0";"1";"1";"0";"n";NA;NA;"0";NA;"1";"0";NA;"0"
2016-07-02;NA;NA;"0";"1";"0";NA;"0";NA;NA;"0";NA;"0";NA;NA;NA;NA;"1";NA;"1";"0";"0";NA;"1";"1";"1";NA;"0";NA;"0";"0";"1";"1";"0";"1";"1";"0";"n";NA;NA;"0";NA;"0";"0";NA;"0"
2016-07-03;NA;NA;"0";"1";"0";NA;"0";NA;NA;"0";NA;"0";NA;NA;NA;NA;"1";NA;"1";"0";"0";NA;"1";"1";"1";NA;"0";NA;"0";"0";"1";"1";"0";"0";"1";"0";"w";NA;NA;"0";NA;"1";"0";NA;"0"
2016-07-04;NA;NA;"0";"1";"0";NA;"0";NA;NA;"0";NA;"0";NA;NA;NA;NA;NA;NA;"1";"0";"0";NA;"1";"1";"1";NA;"0";NA;"0";"1";"0";"1";"0";"1";"0";"0";"n";NA;NA;"0";NA;"0";"0";NA;"0"
2016-07-05;NA;NA;"0";"1";"0";NA;"0";NA;NA;"0";NA;"0";NA;NA;NA;NA;"0";NA;"1";"0";"0";NA;"1";"1";"1";NA;"0";NA;"0";"0";"0";"1";"0";"1";"0";"0";"n";NA;NA;"0";NA;"1";"0";NA;"0"
2016-07-06;NA;NA;"0";"1";"0";NA;"0";NA;NA;"0";NA;"0";NA;NA;NA;NA;"1";NA;"1";"0";"0";NA;"1";"1";"1";NA;"0";NA;"0";"0";"1";"1";"0";"1";"0";"0";"n";NA;NA;"0";NA;"0";"0";NA;"0"
2016-07-07;NA;NA;"0";"1";"0";NA;"0";NA;NA;"0";NA;"0";NA;NA;NA;NA;"1";NA;"1";"0";"0";NA;"1";"1";"0";NA;"0";NA;"0";"0";"0";"1";"0";"1";"0";"0";"n";NA;NA;"0";NA;"0";"0";NA;"0"
2016-07-08;NA;NA;"0";"1";"0";NA;"0";NA;NA;"0";NA;"0";NA;NA;NA;NA;NA;NA;"1";"0";"0";NA;"1";"1";"0";NA;"0";NA;"0";"1";"0";"1";"0";"1";"0";"0";"n";NA;NA;"0";NA;"0";"0";NA;"0"
2016-07-09;NA;NA;"0";"1";"0";NA;"0";NA;NA;"0";NA;"0";NA;NA;NA;NA;"1";NA;"1";"0";"0";NA;"1";"1";"0";NA;"0";NA;"0";"0";"0";"1";"0";"1";"0";"0";"n";NA;NA;"0";NA;"0";"0";NA;"0"
2016-07-10;NA;NA;"0";"1";"0";NA;"0";NA;NA;"0";NA;"0";NA;NA;NA;NA;"0";NA;"1";"0";"0";NA;"1";"1";"0";NA;"0";NA;"0";"1";"0";"1";"1";"1";"0";"0";"n";NA;NA;"0";NA;"0";"0";NA;"0"
2016-07-11;NA;NA;"0";"1";"0";NA;"0";NA;NA;"0";NA;"1";NA;NA;NA;NA;"0";NA;"1";"0";"0";NA;"1";"1";"0";NA;"0";NA;"0";"0";"0";"1";"0";"0";"0";"0";"w";NA;NA;"0";NA;"1";"0";NA;"0"
2016-07-12;NA;NA;"0";"1";"0";NA;"0";NA;NA;"0";NA;"0";NA;NA;NA;NA;"0";NA;"1";"0";"0";NA;"1";"1";"0";NA;"0";NA;"0";"0";"0";"1";"0";"1";"0";"0";"n";NA;NA;"0";NA;"0";"0";NA;"0"
2016-07-13;NA;NA;"0";"1";"0";NA;"0";NA;NA;"0";NA;"0";NA;NA;NA;NA;"0";NA;"1";"0";"0";NA;"1";"1";"0";NA;"0";NA;"0";"1";"0";"1";"0";"1";"1";"0";"w";NA;NA;"0";NA;"1";"0";NA;"0"
2016-07-14;NA;NA;"0";"1";"0";NA;"0";NA;NA;"0";NA;"0";NA;NA;NA;NA;"0";NA;"1";"0";"0";NA;"1";"1";"0";NA;"0";NA;"0";"1";"0";"1";"0";"1";"1";"0";"w";NA;NA;"0";NA;"1";"0";NA;"0"
2016-07-15;NA;NA;"1";"1";"0";NA;"0";NA;NA;"0";NA;"0";NA;NA;NA;NA;"1";NA;"1";"0";"0";NA;"1";"1";"0";NA;"0";NA;"0";"1";"0";"1";"0";"1";"1";"0";"w";NA;NA;"0";NA;"1";"0";NA;"0"
2016-07-16;NA;NA;"1";"1";"0";NA;"0";NA;NA;"0";NA;"0";NA;NA;NA;NA;"0";NA;"1";"0";"0";NA;"1";"1";"0";NA;"0";NA;"0";"1";"0";"1";"0";"1";"0";"0";"w";NA;NA;"0";NA;"0";"0";NA;"0"
2016-07-17;NA;NA;"1";"1";"0";NA;"0";NA;NA;"0";NA;"0";NA;NA;NA;NA;"1";NA;"1";"0";"0";NA;"1";"1";"0";NA;"0";NA;"0";"1";"0";"1";"0";"1";"0";"0";"w";NA;NA;"0";NA;"1";"0";NA;"0"
2016-07-18;NA;NA;"0";"1";"0";NA;"0";NA;NA;"0";NA;"0";NA;NA;NA;NA;"1";NA;"1";"0";"0";NA;"1";"1";"0";NA;"0";NA;"0";"0";"0";"1";"1";"1";"0";"0";"w";NA;NA;"0";NA;"0";"0";NA;"0"
2016-07-19;NA;NA;"1";"1";"0";NA;"0";NA;NA;"0";NA;"0";NA;NA;NA;NA;"1";NA;"1";"0";"0";NA;"1";"1";"0";NA;"0";NA;"0";"1";"0";"1";"0";"1";"0";"0";"w";NA;NA;"0";NA;"0";"0";NA;"0"
2016-07-20;NA;NA;"0";"1";"0";NA;"0";NA;NA;"0";NA;"0";NA;NA;NA;NA;"1";NA;"1";"0";"0";NA;"1";"1";"0";NA;"0";NA;"0";"1";"0";"1";"0";"1";"0";"0";"w";NA;NA;"0";NA;"1";"0";NA;"0"
2016-07-21;NA;NA;"0";"1";"0";NA;"0";NA;NA;"0";NA;"0";NA;NA;NA;NA;"1";NA;"1";"0";"0";NA;"1";"1";"0";NA;"0";NA;"0";"1";"0";"1";"0";"1";"0";"0";"w";NA;NA;"0";NA;"0";"0";NA;"0"
2016-07-22;NA;NA;"0";"1";"0";NA;"0";NA;NA;"0";NA;"0";NA;NA;NA;NA;"1";NA;"1";"0";"0";NA;"1";"1";"1";NA;"0";NA;"0";"1";"1";"1";"1";"1";"0";"0";"w";NA;NA;"0";NA;"0";"0";NA;"0"
2016-07-23;NA;NA;"0";"1";"0";NA;"0";NA;NA;"0";NA;"1";NA;NA;NA;NA;"0";NA;NA;"0";"0";NA;"1";"1";"1";NA;"0";NA;"0";"0";"0";NA;"1";"1";"0";"0";"w";NA;NA;"0";NA;"1";"0";NA;"0"
2016-07-24;NA;NA;"0";"0";"0";NA;"0";NA;NA;"0";NA;"0";NA;NA;NA;NA;"1";NA;NA;"0";"0";NA;"1";"1";"0";NA;"0";NA;"0";"0";"0";NA;"1";"1";"0";"0";"w";NA;NA;"0";NA;"0";"0";NA;"0"
2016-07-25;NA;NA;"1";"0";"0";NA;"0";NA;NA;"0";NA;"0";NA;NA;NA;NA;"0";NA;NA;"0";"0";NA;"1";"1";"0";NA;"1";NA;"0";"0";"0";NA;"0";"1";"1";"0";"w";NA;NA;"0";NA;"1";"0";NA;"0"
2016-07-26;NA;NA;"0";"0";"0";NA;"0";NA;NA;"0";NA;"0";NA;NA;NA;NA;"0";NA;NA;"0";"0";NA;"1";"1";"0";NA;"1";NA;"0";"0";"0";NA;"0";"0";"1";"0";"w";NA;NA;"0";NA;"1";"1";NA;"0"
2016-07-27;NA;NA;"1";"0";"0";NA;"0";NA;NA;"0";NA;"0";NA;NA;NA;NA;"1";"s";NA;"0";"0";NA;"1";"1";"0";NA;"1";NA;"0";"0";"0";NA;"0";"0";"1";"0";"w";NA;NA;"0";NA;"1";"1";NA;"0"
2016-07-28;NA;NA;"0";"0";"0";NA;"0";NA;NA;"0";NA;"0";NA;NA;NA;NA;"0";"s";NA;"0";"0";NA;"1";"1";"0";NA;"1";NA;"0";"0";"0";NA;"0";"1";"1";"0";"w";NA;NA;"0";NA;"0";"1";NA;"0"
2016-07-29;NA;NA;"1";"0";"0";NA;"0";NA;NA;"0";NA;"0";NA;NA;NA;NA;"1";"s";NA;"0";"0";NA;"1";"1";"0";NA;"1";NA;"0";"0";"0";NA;"0";"0";"1";"0";"w";NA;NA;"0";NA;"1";"1";NA;"0"
2016-07-30;NA;NA;"0";"0";"0";NA;"0";NA;NA;"0";NA;"0";NA;NA;NA;NA;"0";"g";NA;"0";"0";NA;"1";"1";"1";NA;"1";NA;"0";"0";"0";NA;"0";"0";"1";"0";"w";NA;NA;"0";NA;"1";"1";NA;"0"
2016-07-31;NA;NA;"0";"0";"0";NA;"0";NA;NA;"0";NA;"1";NA;NA;NA;NA;"0";"g";NA;"0";"0";NA;"1";"1";"1";NA;"1";NA;"0";"0";"0";NA;"0";"1";"1";"0";"w";NA;NA;"0";NA;"1";"1";NA;"0"
2016-08-01;NA;NA;"0";"0";"0";NA;"0";NA;NA;"0";NA;"0";NA;NA;NA;NA;"1";"n";NA;"1";"0";NA;"1";"1";"1";NA;"1";NA;"0";"0";"0";NA;"0";"1";"1";"0";"w";NA;NA;"0";NA;"1";"0";NA;"0"
2016-08-02;NA;NA;"0";"0";"0";NA;"0";NA;NA;"0";NA;"0";NA;NA;NA;NA;"1";"n";NA;"1";"0";NA;"1";"1";"0";NA;"1";NA;"0";"0";"0";NA;"0";"1";"1";"0";"w";NA;NA;"0";NA;"1";"1";NA;"0"
2016-08-03;NA;NA;"0";"0";"0";NA;"0";NA;NA;"0";NA;"0";NA;NA;NA;NA;"1";"g";NA;"0";"0";NA;"1";"1";"1";NA;"1";NA;"0";"0";"0";NA;"0";"0";"1";"0";"w";NA;NA;"0";NA;"0";"0";NA;"0"
2016-08-04;NA;NA;"0";"0";"0";NA;"0";NA;NA;"0";NA;"0";NA;NA;NA;NA;"0";"g";NA;"0";"0";NA;"1";"1";"1";NA;"1";NA;"0";"0";"0";NA;"0";"1";"1";"0";"w";NA;NA;"0";NA;"1";"1";NA;"0"
2016-08-05;NA;NA;"1";"0";"0";NA;"0";NA;NA;"0";NA;"0";NA;NA;NA;NA;"0";"g";NA;"0";"0";NA;"1";"1";"0";NA;"1";NA;"0";"0";"0";NA;"0";"1";"1";"0";"w";NA;NA;"0";NA;"0";"1";NA;"0"
2016-08-06;NA;NA;"0";"0";"0";NA;"0";NA;NA;"0";NA;"0";NA;NA;NA;NA;"1";"g";NA;"0";"0";NA;"1";"1";"0";NA;"1";NA;"0";"0";"0";NA;"0";"0";"1";"0";"w";NA;NA;"0";NA;"1";"0";NA;"0"
2016-08-07;NA;NA;"0";"0";"0";NA;"0";NA;NA;"0";NA;"1";NA;NA;NA;NA;"1";"g";NA;"0";"0";NA;"1";"1";"1";NA;"0";NA;"0";"0";"0";NA;"1";"1";"1";"0";"w";NA;NA;"0";NA;"1";"0";NA;"0"
2016-08-08;NA;NA;"0";"0";"0";NA;"0";NA;NA;"0";NA;"0";NA;NA;NA;NA;"1";"g";NA;"1";"0";NA;"1";"1";"1";NA;"1";NA;"0";"0";"0";NA;"0";"0";"1";"0";"w";NA;NA;"0";NA;"1";"0";NA;"0"
2016-08-09;NA;NA;"0";"0";"0";NA;"0";NA;NA;"0";NA;"0";NA;NA;NA;NA;"0";"g";NA;"1";"0";NA;"1";"1";"1";NA;"1";NA;"0";"0";"0";NA;"0";"1";"1";"0";"w";NA;NA;"0";NA;"0";"0";NA;"0"
2016-08-10;NA;"1";"1";"0";"0";"1";"0";"1";"0";"0";NA;"0";"4";"0";"0";"0";"0";"g";"0";"1";"0";NA;"1";"1";"1";"5";"1";"0";"0";"0";"0";"0";"0";"1";"1";"0";"w";"0";"1";"0";"0";"0";"1";"1";"0"
2016-08-11;"3";"1";"1";"0";"0";"1";"0";"1";"0";"0";NA;"0";"4";"0";"0";"0";"0";"g";"0";"1";"0";NA;"1";"1";"1";"5";"1";"0";"0";"0";"0";"0";"0";"0";"1";"0";"w";"0";"1";"0";"0";"0";"0";"0";"0"
2016-08-12;"3";"1";"1";"0";"0";"1";"0";"1";"0";"0";NA;"1";"5";"0";"1";"0";"0";"g";"0";"1";"0";NA;"1";"1";"1";"5";"0";"0";"0";"0";"0";"0";"1";"0";"1";"0";"w";"0";"1";"0";"0";"1";"0";"0";"0"
2016-08-13;"3";"0";"0";"0";"0";"0";"0";"0";"0";"0";NA;"0";"4";"0";"0";"0";"1";"g";"1";"1";"0";NA;"1";"1";"1";"4";"0";"0";"0";"0";"0";"1";"1";"1";"1";"0";"w";"0";"1";"0";"0";"0";"0";"0";"0"
2016-08-14;"2";"1";"0";"0";"0";"0";"0";"1";"0";"0";NA;"0";"3";"0";"0";"0";"1";"g";"0";"1";"0";NA;"1";"1";"1";"3";"0";"0";"0";"0";"0";"0";"1";"1";"1";"0";"w";"0";"1";"0";"0";"0";"0";"0";"0"
2016-08-15;"2";"1";"0";"0";"0";"0";"0";"0";"0";"0";NA;"0";"3";"1";"0";"0";"0";"n";"1";"1";"0";NA;"1";"1";"0";"2";"0";"0";"0";"0";"0";"0";"0";"1";"1";"0";"w";"0";"1";"0";"0";"1";"1";"1";"0"
2016-08-16;"3";"0";"0";"0";"0";"1";"0";"1";"1";"0";NA;"0";"4";"0";"1";"0";"0";"g";"0";"1";"0";NA;"1";"1";"1";"4";"1";"0";"0";"0";"0";"0";"0";"1";"1";"0";"w";"0";"1";"0";"1";"1";"1";"1";"0"
2016-08-17;"2";"1";"0";"0";"0";"1";"0";"1";"0";"0";NA;"0";"4";"1";"0";"0";"1";"g";"1";"1";"0";NA;"1";"1";"1";"4";"0";"0";"0";"0";"0";"0";"0";"0";"1";"0";"w";"0";"1";"0";"0";"1";"1";"1";"0"
2016-08-18;"2";"0";"1";"0";"0";"1";"0";"1";"0";"0";NA;"0";"4";"1";"0";"0";"1";"g";"1";"1";"0";NA;"1";"1";"0";"2";"0";"0";"0";"0";"0";"0";"0";"0";"1";"0";"w";"0";"1";"0";"0";"1";"0";"0";"0"
2016-08-19;"3";"0";"0";"0";"0";"1";"0";"1";"0";"0";NA;"1";"3";"0";"0";"0";"1";"g";"1";"1";"0";NA;"1";"1";"1";"4";"0";"0";"0";"0";"0";"0";"1";"1";"1";"0";"w";"0";"1";"0";"0";"0";"0";"0";"0"
2016-08-20;NA;"0";"0";"1";"0";"0";"0";"0";"0";"0";NA;"0";"1";"0";"0";"0";"1";"s";"1";"0";"0";NA;"0";"1";"0";"1";"0";"0";"0";"0";"0";"0";"0";"0";NA;"0";"n";"0";"0";"0";"0";"0";"0";"0";"0"
2016-08-21;"2";"0";"0";"1";"0";"0";"0";"0";"0";"0";NA;"0";"1";"0";"0";"0";"1";"s";"1";"0";"0";NA;"0";"1";"0";"2";"0";"0";"0";"1";"1";"0";"1";"0";"1";"0";"w";"0";"0";"0";"0";"0";"0";"0";"0"
2016-08-22;"3";"0";"0";"1";"0";"0";"0";"0";"0";"0";NA;"0";"3";"0";"1";"0";"1";"n";"0";"0";"0";NA;"0";"1";"0";"2";"0";"0";"0";"0";"1";"1";"1";"0";"1";"0";"w";"0";"0";"0";"0";"1";"0";"0";"0"
2016-08-23;"2";"0";"1";"1";"0";"0";"0";"0";"0";"0";NA;"0";"3";"0";"0";"0";"1";"n";"0";"1";"0";NA;"0";"1";"0";"2";"0";"0";"0";"1";"0";"0";"1";"0";"1";"0";"w";"0";"1";"0";"0";"0";"0";"0";"0"
2016-08-24;"1";"0";"0";"1";"0";"0";"0";"1";"0";"0";NA;"0";"4";"0";"0";"0";"1";"g";"0";"1";"0";NA;"0";"1";"1";"3";"0";"0";"0";"0";"0";"0";"0";"1";"1";"0";"w";"0";"1";"0";"0";"0";"1";"1";"0"
2016-08-25;"3";"0";"0";"1";"0";"0";"0";"0";"0";"0";NA;"0";"4";"0";"1";"0";"0";"g";"0";"0";"0";NA;"0";"1";"1";"3";"0";"0";"0";"0";"0";"0";"0";"0";"1";"0";"w";"0";"0";"0";"0";"1";"1";"1";"0"
2016-08-26;"3";"0";"0";"1";"0";"0";"0";"1";"0";"1";NA;"0";"4";"0";"0";"1";"1";"g";"1";"0";"0";NA;"0";"1";"1";"4";"0";"0";"0";"0";"0";"1";"0";"0";"1";"0";"w";"0";"0";"0";"0";"1";"0";"0";"0"
2016-08-27;"2";"0";"1";"1";"0";"1";"0";"1";"0";"0";NA;"1";"4";"0";"1";"1";"0";"g";"1";"0";"0";NA;"0";"1";"1";"4";"0";"0";"0";"0";"0";"1";"0";"0";"1";"0";"w";"1";"0";"0";"0";"1";"0";"0";"0"
2016-08-28;"3";"0";"0";"0";"0";"1";"0";"1";"0";"0";NA;"0";"3";"0";"0";"0";"0";"g";"1";"0";"0";NA;"0";"1";"1";"3";"0";"0";"0";"0";"0";"1";"0";"1";"0";"0";"w";"0";"1";"0";"0";"0";"1";"1";"0"
2016-08-29;"3";"1";"1";"0";"0";"0";"0";"0";"0";"1";NA;"1";"4";"0";"0";"0";"1";"g";"0";"0";"0";NA;"0";"1";"1";"4";"0";"0";"0";"0";"0";"0";"1";"1";"1";"0";"w";"1";"1";"0";"0";"0";"1";"1";"0"
2016-08-30;"2";"0";"1";"0";"0";"0";NA;"0";"0";"1";NA;"1";"2";"0";"0";"0";"0";"n";"0";"1";"0";NA;"0";"1";"0";"3";"0";"0";"0";"0";"1";"0";"1";"0";"1";"1";"w";"0";"0";"0";"0";"0";"1";"1";"0"
2016-08-31;"2";"1";NA;"0";"0";"0";NA;"0";"0";"1";NA;"0";NA;NA;NA;NA;NA;NA;"0";"0";"0";NA;"0";"1";NA;NA;"0";"0";"0";"0";NA;"0";NA;NA;NA;"0";"w";"0";"1";"0";"0";NA;"1";"1";"0"
2016-09-01;"2";"1";"1";"0";"0";"0";NA;"1";"0";"1";NA;"0";"2";"0";"0";"0";"1";"n";"0";"0";"0";NA;"0";"1";"0";"2";"0";"0";"0";"0";"0";"0";"0";"0";"1";"1";"w";"0";"1";"0";"0";"0";"1";"1";"0"
2016-09-02;"3";"1";"1";"0";"0";"0";NA;"1";"0";NA;NA;"0";"3";"1";"0";"0";"0";"n";"1";"1";"0";NA;"0";"1";"0";"3";"0";"0";"0";"0";"0";"1";"1";"0";"1";"1";"w";"0";"1";"0";"0";"1";"1";"1";"0"
2016-09-03;"3";"1";"1";"0";"0";"0";NA;"0";"0";NA;NA;"1";"4";"0";"0";"0";"1";"g";"1";"0";"0";NA;"0";"1";"1";"4";"0";"0";"0";"0";"0";"1";"0";"1";"1";"0";"w";"0";"0";"0";"1";"0";"1";"1";"0"
2016-09-04;"3";"1";"1";"0";"0";"0";NA;"0";"0";NA;NA;"0";"2";"0";"0";"0";"1";"s";"1";"0";"0";NA;"0";"1";"0";"2";"0";"0";"0";"0";"0";"1";"0";"1";"1";"0";"w";"0";"0";"0";"0";"0";"1";"1";"0"
2016-09-05;"2";"1";"0";"0";"0";"0";"0";"0";"0";"1";NA;"1";"3";"0";"0";"0";"1";"n";"0";"0";"0";NA;"0";"1";"0";"3";"0";"0";"0";"0";"0";"0";"0";"0";"1";"0";"w";"1";"0";"0";"0";"0";"0";"0";"0"
2016-09-06;"2";"1";"0";"0";"0";"1";"0";"1";"0";"1";NA;"0";"3";"0";"0";"0";"0";"g";"0";"0";"0";NA;"0";"1";"1";"3";"0";"0";"0";"0";"0";"0";"0";"0";"1";"1";"w";"0";"1";"0";"0";"0";"1";"1";"0"
2016-09-07;"2";"1";"0";"0";"0";"1";"1";"1";"0";"0";NA;"1";"4";"0";"0";"0";"0";"g";"0";"1";"0";NA;"0";"1";"1";"4";"0";"0";"0";"0";"0";"0";"0";"0";"1";"0";"w";"1";"1";"0";"0";"0";"1";"1";"0"
2016-09-08;"3";"1";"1";"0";"0";"0";"0";"0";"0";"1";NA;"0";"4";"1";"0";"0";"0";"n";"0";"0";"0";NA;"0";"1";"1";"3";"0";"0";"0";"0";"0";"0";"0";"0";"1";"1";"w";"0";"1";"0";"0";"1";"1";"1";"0"
2016-09-09;"1";"1";"0";"0";"0";"1";"0";"1";"0";"0";NA;"0";"3";"0";"0";"0";"0";"n";"0";"0";"0";NA;"0";"1";"1";"3";"0";"0";"0";"0";"0";"1";"0";"0";"1";"1";"w";"0";"1";"0";"0";"0";"1";"1";"0"
2016-09-10;"3";"1";"0";"0";"0";"1";"0";"0";"0";"1";"0";"1";"4";"0";"0";"0";"0";"g";"0";"0";"0";NA;"0";"1";"1";"5";"1";"0";"0";"0";"0";"0";"0";"1";"1";"0";"w";"1";"1";"0";"0";"0";"1";"1";"0"
2016-09-11;"1";"1";"0";"0";"0";"1";"0";"1";"0";"0";"0";"0";"3";"0";"0";"0";"0";"n";"0";"0";"0";NA;"0";"1";"1";"3";"0";"0";"0";"0";"0";"1";"0";"0";"1";"1";"w";"0";"1";"0";"0";"0";"1";"1";"0"
2016-09-12;"3";"1";"0";"0";"0";"1";"1";"1";"0";"0";"0";"1";"4";"0";"0";"0";"0";"g";"0";"1";"0";NA;"0";"1";"1";"5";"1";"0";"0";"0";"0";"0";"0";"1";"1";"0";"w";"1";"1";"0";"0";"0";"1";"1";"0"
2016-09-13;"2";"1";"0";"0";"0";"0";"0";"1";"0";"1";"0";"0";"4";"1";"0";"0";"0";"g";"0";"1";"0";NA;"0";"1";"1";"4";"0";"0";"0";"0";"0";"0";"0";"1";"1";"1";"w";"0";"1";"0";"0";"1";"1";"1";"0"
2016-09-14;"2";"1";"0";"0";"0";"1";"0";"1";"0";"0";"0";"1";"2";"0";"0";"0";"1";"n";"1";"0";"0";NA;"0";"1";"1";"3";"1";"0";"1";"0";"0";"0";"0";"1";"1";"0";"w";"1";"1";"0";"0";"0";"1";"1";"0"
2016-09-15;"3";"1";"1";"0";"0";"0";"0";"0";"0";"1";"0";"0";"3";"0";"0";"0";"1";"n";"0";"0";"0";NA;"0";"1";"1";"3";"0";"0";"1";"0";"0";"0";"0";"1";"1";"1";"w";"0";"1";"0";"0";"0";"1";"1";"0"
2016-09-16;"3";"0";"1";"1";"0";"0";"0";"0";"0";"0";"0";"0";"2";"0";"0";"0";"1";"n";"1";"0";"0";NA;"0";"1";"0";"2";"0";"1";"1";"0";"0";"1";"1";"0";"1";"1";"w";"0";"0";"0";"0";"0";"0";"0";"0"
2016-09-17;"2";"1";"1";"1";"0";"0";"0";"0";"0";"0";"1";"0";"2";"0";"0";"0";"1";"g";"1";"0";"0";NA;"0";"1";"0";"2";"0";"0";"0";"1";"0";"1";"1";"1";"1";"0";"w";"0";"0";"0";"0";"0";"0";"0";"0"
2016-09-18;"2";"1";"0";"0";"0";"0";"0";"0";"0";"1";"0";"0";"3";"0";"0";"0";"0";"g";"1";"0";"0";NA;"0";"1";"0";"2";"0";"0";"0";"1";"0";"1";"0";"0";"1";"0";"w";"0";"0";"0";"0";"0";"1";"1";"0"
2016-09-19;"1";"0";"1";"0";"0";"0";"0";"0";"0";"0";"0";"1";"3";"0";"1";"0";"1";"n";"1";"0";"0";NA;"0";"1";"0";"2";"0";"0";"0";"0";"1";"1";"0";"1";"1";"0";"w";"1";"0";"0";"0";"1";"1";"1";"0"
2016-09-20;"2";"1";"1";"0";"0";"0";"0";"0";"0";"1";"0";"0";"3";"0";"0";"0";"1";"n";"0";"0";"0";NA;"0";"1";"1";"4";"0";"0";"0";"0";"1";"0";"0";"1";"1";"1";"w";"0";"1";"0";"0";"0";"1";"1";"0"
2016-09-21;"2";"1";"1";"0";"1";"1";"1";"0";"0";"0";"0";"0";"3";"0";"0";"0";"0";"n";"1";"1";"0";NA;"0";"1";"0";"3";"0";"0";"0";"0";"0";"0";"0";"0";"1";"0";"w";"0";"1";"0";"0";"0";"1";"1";"0"
2016-09-22;"1";"1";"0";"0";"0";"0";"0";"0";"0";"1";"0";"0";"4";"0";"0";"1";"0";"g";"0";"1";"0";NA;"0";"1";"1";"3";"0";"0";"0";"0";"0";"0";"0";"0";"1";"1";"w";"0";"1";"0";"0";"1";"1";"1";"0"
2016-09-23;"3";"1";"1";"0";"0";"0";"0";"1";"0";"1";"0";"0";"4";"0";"0";"0";"0";"g";"0";"1";"0";NA;"0";"1";"1";"4";"1";"0";"0";"0";"0";"0";"0";"0";"1";"1";"w";"0";"1";"0";"0";"0";"1";"1";"0"
2016-09-24;"2";"1";"1";"0";"0";"1";"0";"1";"0";"0";"0";"1";"4";"0";"0";"0";"0";"g";"0";"1";"0";NA;"0";"1";"1";"4";"0";"0";"0";"0";"0";"0";"0";"0";"1";"0";"w";"1";"1";"0";"0";"0";"1";"1";"0"
2016-09-25;"3";"1";"1";"0";"0";"0";"0";"0";"0";"0";"1";"0";"4";"0";"0";"0";"0";"g";"1";"1";"0";NA;"0";"1";"1";"4";"1";"0";"0";"0";"0";"1";"0";"0";"1";"0";"w";"0";"0";"0";"0";"0";"1";"1";"1"
2016-09-26;"3";"1";"0";"0";"0";"0";"1";"0";"1";"1";"0";"1";"5";"1";"0";"0";"0";"g";"0";"1";"0";NA;"0";"1";"1";"5";"0";"0";"0";"0";"0";"0";"0";"1";"1";"0";"w";"1";"1";"0";"0";"1";"1";"1";"0"
2016-09-27;"3";"1";"1";"0";"0";"0";"0";"0";"0";"1";"0";"0";"3";"0";"1";"0";"1";"n";"0";"1";"0";NA;"0";"1";"1";"4";"1";"0";"0";"0";"0";"0";"0";"1";"1";"1";"w";"0";"0";"0";"0";"1";"1";"1";"0"
2016-09-28;"1";"1";"0";"0";"0";"0";"1";"0";"1";"0";"0";"0";"3";"0";"0";"0";"1";"s";"1";"1";"0";NA;"0";"1";"0";"3";"1";"0";"0";"0";"0";"0";"0";"1";"1";"0";"w";"0";"1";"0";"0";"0";"1";"1";"0"
2016-09-29;"2";"1";"0";"0";"0";"0";"0";"0";"0";"1";"0";"0";"3";"0";"0";"0";"1";"s";"0";"0";"0";NA;"0";"1";"1";"4";"0";"0";"0";"0";"0";"0";"0";"0";"1";"1";"w";"0";"0";"0";"0";"0";"1";"1";"0"
2016-09-30;"3";"1";"0";"1";"0";"0";"0";"0";"0";"0";"0";"0";"3";"0";"0";"0";"1";"g";"1";"0";"0";NA;"0";"1";"1";"3";"1";"0";"0";"0";"0";"1";"0";"0";"1";"1";"w";"0";"0";"0";"0";"0";"1";"1";"0"
2016-10-01;"3";"0";"0";"1";"0";"0";"0";"0";"0";"0";"0";"0";"3";"0";"0";"0";"1";"g";"1";"0";"0";NA;"0";"1";"1";"3";"0";"0";"0";"0";"0";"1";"0";"1";"1";"0";"w";"1";"0";"0";"0";"0";"1";"1";"0"
2016-10-02;"2";"0";"0";"1";"0";"0";"1";"0";"0";"1";"0";"1";"3";"0";"0";"0";"1";"g";"1";"1";"0";NA;"0";"1";"1";"3";"1";"0";"0";"0";"0";"1";"1";"1";"1";"0";"w";"1";"0";"0";"0";"0";"1";"1";"0"
2016-10-03;"3";"0";"1";"0";"0";"0";"1";"0";"0";"0";"0";"1";"2";"0";"0";"0";"1";"n";"1";"1";"0";NA;"0";"1";"0";"2";"0";"0";"0";"0";"0";"1";"0";"1";"0";"0";"w";"1";"0";"0";"0";"0";"1";"1";"0"
2016-10-04;"3";"1";"1";"0";"0";"0";"0";"0";"0";"1";"0";"0";"3";"0";"0";"0";"1";"n";"0";"0";"0";NA;"0";"1";"0";"3";"0";"0";"0";"0";"0";"0";"0";"1";"1";"1";"w";"0";"0";"0";"0";"0";"1";"1";"0"
2016-10-05;"2";"1";"1";"0";"0";"1";"0";"1";"0";"0";"0";"1";"4";"0";"0";"0";"0";"g";"1";"1";"0";NA;"0";"1";"1";"4";"1";"0";"0";"0";"0";"0";"0";"1";"1";"0";"w";"1";"1";"0";"0";"0";"1";"1";"1"
2016-10-06;"2";"1";"0";"0";"0";"0";"0";"0";"0";"1";"0";"0";"3";"0";"0";"0";"0";"n";"0";"1";"0";NA;"0";"1";"0";"2";"1";"0";"0";"0";"0";"0";"0";"1";"1";"1";"w";"0";"1";"0";"0";"0";"1";"1";"1"
2016-10-07;"3";"1";"0";"0";"0";"1";"0";"0";"0";"1";"0";"0";"3";"0";"0";"0";"0";"n";"0";"1";"0";NA;"0";"1";"1";"4";"1";"0";"0";"0";"0";"0";"0";"1";"1";"1";"w";"0";"1";"1";"0";"0";"1";"1";"0"
2016-10-08;"3";"1";"1";"0";"0";"0";"0";"0";"0";"0";"0";"1";"5";"0";"0";"0";"0";"g";"1";"0";"0";NA;"0";"1";"1";"3";"0";"0";"0";"0";"0";"0";"0";"1";"1";"0";"w";"1";"1";"0";"0";"0";"1";"1";"0"
2016-10-09;"3";"1";"0";"0";"0";"0";"0";"0";"0";"1";"0";"1";"5";"0";"0";"0";"1";"g";"1";"1";"0";NA;"0";"1";"1";"4";"1";"0";"0";"0";"0";"0";"0";"1";"1";"0";"w";"1";"0";"0";"0";"0";"0";"0";"0"
2016-10-10;"2";"0";"0";"0";"0";"1";"0";"0";"0";"1";"0";"0";"3";"0";"0";"0";"1";"g";"1";"1";"0";NA;"0";"1";"1";"3";"0";"0";"0";"0";"0";"0";"0";"1";"1";"0";"w";"1";"0";"0";"0";"0";"0";"0";"0"
2016-10-11;"2";"0";"0";"0";"0";"0";"0";"0";"0";"1";"0";"0";"2";"0";"0";"0";"1";"n";"0";"0";"0";NA;"0";"1";"1";"3";"0";"0";"0";"0";"0";"0";"0";"1";"1";"1";"w";"0";"0";"0";"0";"0";"0";"0";"0"
2016-10-12;"2";"1";"0";"0";"0";"0";"1";"0";"0";"0";"0";"1";"3";"0";"0";"0";"0";"n";"0";"1";"0";NA;"0";"1";"0";"2";"1";"0";"0";"0";"0";"0";"0";"1";"1";"0";"w";"1";"0";"1";"0";"0";"1";"1";"0"
2016-10-13;"3";"1";"0";"0";"0";"1";"1";"0";"0";"1";"0";"0";"3";"0";"0";"0";"0";"n";"0";"1";"0";NA;"0";"1";"1";"4";"1";"0";"0";"0";"0";"0";"0";"1";"1";"1";"w";"0";"1";"0";"0";"0";"1";"1";"0"
2016-10-14;"3";"1";"0";"1";"0";"1";"0";"1";"0";"0";"0";"0";"4";"0";"0";"0";"1";"g";"1";"1";"0";NA;"0";"1";"1";"3";"1";"0";"0";"0";"0";"1";"0";"1";"1";"1";"w";"0";"0";"0";"0";"0";"0";"0";"0"
2016-10-15;"2";"1";"1";"1";"0";"0";"0";"0";"0";"0";"0";"1";"4";"0";"0";"0";"0";"g";"1";"0";"0";NA;"0";"1";"0";"3";"1";"0";"0";"0";"0";"1";"0";"1";"1";"0";"w";"1";"0";"0";"0";"0";"0";"0";"0"
2016-10-16;"3";"1";"1";"1";"0";"0";"1";"0";"0";"0";"0";"1";"4";"0";"0";"0";"0";"g";"1";"0";"0";NA;"0";"1";"1";"3";"0";"0";"0";"0";"0";"1";"1";"1";"1";"0";"w";"1";"0";"0";"0";"0";"1";"0";"0"
2016-10-17;"3";"0";"0";"0";"0";"0";"0";"1";"0";"0";"0";"1";"3";"0";"0";"0";"1";"g";"1";"1";"0";NA;"0";"1";"1";"4";"0";"0";"0";"0";"0";"1";"0";"1";"1";"0";"w";"1";"0";"0";"0";"0";"0";"0";"0"
2016-10-18;"3";"0";"0";"0";"0";"0";"1";"1";"0";"0";"0";"0";"4";"0";"0";"0";"1";"n";"0";"0";"0";NA;"0";"1";"1";"3";"0";"0";"0";"0";"0";"0";"0";"1";"1";"1";"w";"0";"0";"1";"0";"1";"0";"0";"0"
2016-10-19;"2";"1";"1";"0";"0";"1";"0";"1";"0";"0";"0";"1";"4";"0";"0";"0";"1";"g";"1";"1";"0";NA;"0";"1";"1";"3";"0";"0";"0";"0";"0";"0";"0";"1";"1";"0";"w";"1";"0";"0";"0";"1";"0";"0";"0"
2016-10-20;"2";"0";"0";"0";"0";"0";"1";"0";"0";"1";"0";"0";"4";"0";"0";"0";"1";"g";"0";"1";"0";NA;"0";"1";"1";"3";"0";"0";"0";"0";"0";"0";"0";"1";"1";"1";"w";"0";"0";"1";"0";"0";"1";"1";"0"
2016-10-21;"3";"1";"1";"0";"1";"1";"1";"1";"1";"0";"0";"0";"4";"0";"0";"0";"0";"g";"0";"1";"0";NA;"0";"1";"1";"4";"0";"0";"0";"0";"0";"0";"0";"1";"1";"1";"w";"0";"1";"1";"0";"0";"1";"0";"0"
2016-10-22;"2";"1";"0";"0";"0";"1";"0";"1";"0";"1";"0";"1";"4";"0";"0";"0";"0";"g";"0";"1";"0";NA;"0";"1";"1";"3";"1";"0";"0";"0";"0";"1";"0";"1";"1";"0";"w";"1";"1";"0";"0";"0";"1";"1";"0"
2016-10-23;"3";"1";"1";"0";"0";"0";"0";"0";"0";"0";"1";"0";"5";"0";"0";"0";"0";"g";"0";"1";"0";NA;"0";"1";"1";"4";"0";"0";"0";"0";"0";"0";"0";"0";"1";"0";"w";"0";"0";"0";"0";"0";"0";"0";"0"
2016-10-24;"3";"1";"0";"0";"0";"1";"0";"1";"0";"1";"0";"1";"4";"1";"0";"0";"0";"g";"0";"1";"0";NA;"0";"1";"1";"4";"1";"0";"0";"0";"0";"0";"0";"0";"1";"0";"w";"1";"1";"0";"0";"1";"1";"1";"0"
2016-10-25;"3";"1";"1";"0";"0";"0";"0";"0";"0";"1";"0";"0";"4";"0";"0";"0";"0";"g";"0";"1";"0";NA;"0";"1";"1";"4";"1";"0";"0";"0";"0";"0";"0";"0";"1";"1";"w";"0";"1";"0";"0";"0";"1";"1";"0"
2016-10-26;"2";"1";"0";"0";"0";"0";"0";"1";"0";"0";"0";"0";"3";"0";"0";"0";"0";"s";"0";"1";"0";NA;"0";"1";"0";"2";"1";"0";"0";"0";"1";"0";"0";"1";"1";"0";"w";"0";"0";"1";"0";"0";"1";"1";"0"
2016-10-27;"1";"1";"0";"0";"0";"0";"0";"0";"0";"1";"0";"0";NA;"0";"0";"0";"1";"s";"0";"1";"0";NA;"0";"1";"0";"2";"1";"0";"0";"0";"1";"0";"0";"1";"1";"1";"w";"0";"0";"0";"0";"0";"1";"1";"0"
2016-10-28;"3";"1";"0";"0";"1";"0";"1";"0";"0";"1";"0";"0";"2";"0";"0";"0";"0";"s";"0";"1";"0";NA;"0";"1";"1";"3";"1";"0";"0";"0";"1";"1";"0";"1";"1";"0";"w";"0";"1";"1";"0";"0";"1";"1";"0"
2016-10-29;"2";"1";"0";"0";"0";"0";"1";"0";"0";"0";"0";"1";"3";"0";"0";"0";"0";"g";"0";"1";"0";NA;"0";"1";"1";"3";"1";"0";"0";"0";"0";"1";"0";"1";"1";"0";"w";"1";"1";"0";"0";"0";"1";"1";"0"
2016-10-30;"3";"1";"0";"0";"0";"0";"0";"0";"0";"0";"1";"1";"4";"0";"0";"0";"0";"g";"0";"1";"0";NA;"0";"1";"1";"4";"1";"0";"0";"0";"0";"1";"0";"1";"1";"0";"w";"1";"0";"0";"0";"0";"1";"1";"0"
2016-10-31;"3";"1";"0";"0";"0";"1";"1";"0";"0";"1";"0";"1";"4";"0";"0";"0";"0";"g";"0";"1";"0";NA;"0";"1";"1";"4";"1";"0";"0";"0";"0";"0";"0";"1";"1";"0";"w";"1";"1";"0";"0";"0";"1";"1";"0"
2016-11-01;"2";"1";"1";"0";"0";"0";"0";"0";"0";"1";"0";"0";"2";"0";"0";"0";"0";"s";"0";"1";"0";NA;"0";"1";"0";"2";"1";"0";"0";"0";"0";"0";"0";"1";"1";"1";"w";"0";"0";"0";"0";"0";"1";"1";"0"
2016-11-02;"2";"1";"1";"0";"0";"0";"1";"0";"0";"0";"0";"1";"5";"0";"0";"0";"0";"g";"0";"1";"0";NA;"0";"1";"1";"4";"1";"0";"0";"0";"0";"1";"0";"1";"1";"0";"w";"1";"1";"0";"0";"0";"1";"1";"0"
2016-11-03;"3";"1";"0";"0";"0";"0";"0";"0";"0";"1";"0";"0";"5";"0";"0";"0";"0";"g";"0";"1";"0";NA;"0";"1";"1";"4";"1";"0";"0";"0";"0";"0";"0";"1";"1";"1";"w";"0";"0";"0";"0";"0";"1";"1";"0"
2016-11-04;"3";"1";"0";"1";"0";"0";"0";"0";"0";"0";"0";"0";"4";"0";"0";"1";"0";"g";"0";"1";"0";NA;"0";"1";"1";"4";"0";"1";"0";"0";"0";"1";"0";"1";"1";"1";"w";"0";"0";"0";"0";"0";"0";"0";"0"
2016-11-05;"2";"0";"0";"1";"0";"0";"0";"0";"0";"0";"0";"0";"2";"0";"0";"0";"0";"g";"0";"1";"0";NA;"0";"1";"0";"2";"0";"0";"0";"1";"0";"1";"1";"1";"1";"0";"w";"0";"0";"0";"0";"0";"0";"0";"0"
2016-11-06;"1";"1";"1";"1";"0";"0";"0";"0";"0";"0";"1";"0";"2";"0";"0";"1";"1";"n";"0";"1";"0";NA;"0";"1";"0";"2";"0";"0";"0";"1";"0";"1";"0";"1";"1";"0";"w";"0";"0";"0";"0";"1";"0";"0";"0"
2016-11-07;"2";"1";"0";"0";"0";"1";"0";"0";"1";"0";"0";"1";"3";"0";"0";"0";"1";"g";"0";"1";"0";NA;"0";"1";"1";"3";"1";"0";"0";"0";"0";"1";"0";"1";"1";"0";"w";"1";"0";"0";"0";"0";"1";"1";"0"
2016-11-08;"3";"1";"0";"0";"0";"1";"0";"0";"1";"1";"0";"0";"2";"0";"0";"0";"1";"n";"0";"1";"0";NA;"0";"1";"1";"3";"0";"0";"0";"0";"0";"0";"1";"0";"1";"1";"w";"0";"0";"0";"0";"0";"1";"1";"0"
2016-11-09;"3";"1";"1";"0";"0";"1";"0";"0";"1";"1";"0";"1";"3";"0";"0";"0";"1";"n";"0";"1";"0";NA;"0";"1";"1";"3";"0";"0";"0";"1";"0";"0";"0";"1";"1";"0";"w";"1";"1";"0";"0";"0";"1";"1";"0"
2016-11-10;"3";"1";"0";"0";"0";"0";"0";"0";"0";"1";"0";"0";"4";"0";"0";"0";"0";"g";"0";"1";"0";NA;"0";"1";"1";"4";"1";"0";"0";"1";"0";"0";"0";"1";"1";"1";"w";"0";"1";"0";"0";"0";"0";"0";"0"
2016-11-11;"2";"1";"0";"0";"0";"0";"1";"0";"0";"0";"0";"0";"4";"0";"0";"0";"0";"g";"0";"1";"0";NA;"0";"1";"1";"3";"0";"0";"0";"1";"0";"0";"0";"1";"1";"1";"w";"0";"1";"0";"0";"0";"1";"1";"0"
2016-11-12;"2";"1";"1";"0";"0";"0";"0";"0";"0";"0";"0";"1";"4";"1";"0";"0";"1";"g";"0";"1";"0";NA;"0";"1";"0";"3";"1";"0";"0";"0";"0";"0";"0";"0";"1";"0";"w";"1";"0";"0";"0";"1";"1";"1";"0"
2016-11-13;"2";"1";"0";"0";"0";"0";"1";"0";"0";"0";"0";"0";"4";"0";"0";"0";"0";"g";"0";"1";"0";NA;"0";"1";"1";"3";"0";"0";"0";"1";"0";"0";"0";"1";"1";"1";"w";"0";"1";"0";"0";"0";"1";"1";"0"
2016-11-14;"3";"1";"0";"0";"0";"1";"0";"0";"0";"1";"0";"0";"3";"0";"0";"0";"0";"s";"0";"1";"0";NA;"0";"1";"0";"3";"1";"0";"0";"1";"0";"0";"0";"0";"1";"0";"w";"0";"1";"0";"0";"0";"1";"1";"0"
2016-11-15;"2";"1";"0";"0";"0";"0";"1";"0";"0";"0";"0";"0";"4";"0";"0";"0";"0";"g";"0";"1";"0";NA;"0";"1";"1";"3";"0";"0";"0";"1";"0";"0";"0";"1";"1";"1";"w";"0";"1";"0";"0";"0";"1";"1";"0"
2016-11-16;"2";"1";"1";"0";"0";"0";"1";"0";"0";"0";"0";"1";"3";"0";"0";"0";"0";"s";"0";"1";"0";NA;"0";"1";"0";"2";"0";"0";"0";"0";"1";"0";"1";"1";"1";"0";"m";"1";"1";"0";"0";"0";"0";"0";"0"
2016-11-17;"2";"1";"1";"0";"0";"0";"1";"0";"0";"0";"0";"1";"3";"0";"0";"0";"0";"s";"0";"1";"0";NA;"0";"1";"0";"2";"0";"0";"0";"0";"1";"0";"1";"1";"1";"0";"m";"1";"1";"0";"0";"0";"0";"0";"0"
2016-11-07;"2";"1";"0";"0";"0";"1";"0";"0";"1";"0";"0";"1";"3";"0";"0";"0";"1";"g";"0";"1";"0";NA;"0";"1";"1";"3";"1";"0";"0";"0";"0";"1";"0";"1";"1";"0";"w";"1";"0";"0";"0";"0";"1";"1";"0"
2016-11-08;"3";"1";"0";"0";"0";"1";"0";"0";"1";"1";"0";"0";"2";"0";"0";"0";"1";"n";"0";"1";"0";NA;"0";"1";"1";"3";"0";"0";"0";"0";"0";"0";"1";"0";"1";"1";"w";"0";"0";"0";"0";"0";"1";"1";"0"
2016-11-09;"3";"1";"1";"0";"0";"1";"0";"0";"1";"1";"0";"1";"3";"0";"0";"0";"1";"n";"0";"1";"0";NA;"0";"1";"1";"3";"0";"0";"0";"1";"0";"0";"0";"1";"1";"0";"w";"1";"1";"0";"0";"0";"1";"1";"0"
2016-11-10;"3";"1";"0";"0";"0";"0";"0";"0";"0";"1";"0";"0";"4";"0";"0";"0";"0";"g";"0";"1";"0";NA;"0";"1";"1";"4";"1";"0";"0";"1";"0";"0";"0";"1";"1";"1";"w";"0";"1";"0";"0";"0";"0";"0";"0"
2016-11-11;"2";"1";"0";"0";"0";"0";"1";"0";"0";"0";"0";"0";"4";"0";"0";"0";"0";"g";"0";"1";"0";NA;"0";"1";"1";"3";"0";"0";"0";"1";"0";"0";"0";"1";"1";"1";"w";"0";"1";"0";"0";"0";"1";"1";"0"
2016-11-12;"2";"1";"1";"0";"0";"0";"0";"0";"0";"0";"0";"1";"4";"1";"0";"0";"1";"g";"0";"1";"0";NA;"0";"1";"0";"3";"1";"0";"0";"0";"0";"0";"0";"0";"1";"0";"w";"1";"0";"0";"0";"1";"1";"1";"0"
2016-11-13;"2";"1";"0";"0";"0";"0";"1";"0";"0";"0";"0";"0";"4";"0";"0";"0";"0";"g";"0";"1";"0";NA;"0";"1";"1";"3";"0";"0";"0";"1";"0";"0";"0";"1";"1";"1";"w";"0";"1";"0";"0";"0";"1";"1";"0"
2016-11-14;"3";"1";"0";"0";"0";"1";"0";"0";"0";"1";"0";"0";"3";"0";"0";"0";"0";"s";"0";"1";"0";NA;"0";"1";"0";"3";"1";"0";"0";"1";"0";"0";"0";"0";"1";"0";"w";"0";"1";"0";"0";"0";"1";"1";"0"
2016-11-15;"2";"1";"0";"0";"0";"0";"1";"0";"0";"0";"0";"0";"4";"0";"0";"0";"0";"g";"0";"1";"0";NA;"0";"1";"1";"3";"0";"0";"0";"1";"0";"0";"0";"1";"1";"1";"w";"0";"1";"0";"0";"0";"1";"1";"0"
2016-11-16;"2";"1";"1";"0";"0";"0";"1";"0";"0";"0";"0";"1";"3";"0";"0";"0";"0";"s";"0";"1";"0";NA;"0";"1";"0";"2";"0";"0";"0";"0";"1";"0";"1";"1";"1";"0";"m";"1";"1";"0";"0";"0";"0";"0";"0"
2016-11-17;"2";"1";"1";"0";"0";"0";"1";"0";"0";"0";"0";"1";"3";"0";"0";"0";"0";"s";"0";"1";"0";NA;"0";"1";"0";"2";"0";"0";"0";"0";"1";"0";"1";"1";"1";"0";"m";"1";"1";"0";"0";"0";"0";"0";"0"
2016-11-18;"3";"0";"1";"0";"0";"1";"0";"1";"1";"0";"0";"1";"4";"0";"0";"0";"0";"g";"0";"1";"0";NA;"0";"1";"1";"3";"0";"0";"0";"0";"0";"0";"1";"1";"1";"0";"m";"1";"1";"0";"0";"0";"0";"0";"0"
2016-11-19;"3";"0";"1";"0";"0";"1";"0";"1";"1";"0";"0";"1";"4";"0";"0";"0";"0";"g";"0";"1";"0";NA;"0";"1";"1";"3";"0";"0";"0";"0";"0";"0";"1";"1";"1";"0";"m";"1";"1";"0";"0";"0";"0";"0";"0"
2016-11-20;"3";"1";"0";"0";"0";"0";"1";"1";"0";"0";"0";"0";"2";"0";"1";"0";"0";"n";"0";"1";"0";"1";"0";"1";"1";"3";"1";"0";"0";"0";"0";"0";"0";"0";"1";"0";"w";"1";"1";"0";"0";"1";"1";"1";"0"
2016-11-21;"3";"1";"0";"0";"0";"0";"1";"0";"0";"0";"0";"1";"4";"0";"0";"0";"0";"g";"0";"1";"0";"1";"0";"1";"1";"3";"1";"0";"0";"0";"0";"0";"0";"1";"1";"0";"w";"1";"1";"0";"0";"0";"1";"1";"0"
2016-11-22;"3";"1";"0";"1";"0";"0";"1";"0";"0";"1";"0";"0";"3";"0";"0";"0";"0";"n";"1";"1";"0";"0";"0";"1";"0";"2";"0";"1";"0";"0";"0";"1";"0";"1";"1";"1";"w";"0";"0";"0";"0";"0";"0";"0";"0"
2016-11-23;"1";"0";"0";"1";"0";"0";"0";"0";"0";"0";"0";"0";"2";"0";"0";"0";"1";"n";"1";"1";"0";"1";"0";"1";"0";"2";"0";"0";"0";"1";"0";"1";"0";"1";"1";"0";"w";"0";"0";"0";"0";"0";"0";"0";"0"
2016-11-24;"2";"1";"1";"1";"0";"0";"1";"0";"0";"0";"0";"0";"2";"0";"0";"0";"1";"n";"1";"1";"0";"1";"0";"1";"0";"3";"0";"0";"0";"1";"0";"1";"0";"1";"1";"0";"w";"0";"0";"0";"0";"0";"1";"1";"0"
2016-11-25;"2";"1";"0";"1";"0";"1";"0";"0";"0";"1";"0";"0";"3";"0";"0";"0";"0";"n";"1";"1";"0";"1";"0";"1";"0";"2";"0";"0";"0";"1";"0";"1";"0";"1";"1";"0";"w";"0";"0";"0";"0";"0";"0";"0";"0"
2016-11-26;"1";"1";"0";"1";"0";"1";"1";"0";"0";"0";"0";"0";"2";"0";"0";"1";"0";"n";"1";"0";"0";"0";"0";"1";"0";"2";"0";"0";"0";"1";"0";"1";"0";"1";"1";"0";"n";"0";"0";"0";"0";"1";"1";"0";"0"
2016-11-27;"2";"0";"1";"1";"0";"0";"0";"0";"0";"0";"1";"0";"4";"0";"0";"0";"1";"g";"1";"0";"0";"1";"0";"1";"1";"3";"0";"0";"0";"1";"0";"1";"0";"1";"1";"0";"w";"0";"0";"0";"0";"0";"0";"0";"0"
2016-11-28;"3";"1";"0";"0";"0";"1";"1";"0";"0";"0";"0";"1";"4";"0";"0";"0";"1";"g";"0";"0";"0";"1";"0";"1";"1";"4";"0";"0";"0";"0";"0";"1";"0";"1";"1";"0";"w";"1";"0";"0";"0";"0";"0";"0";"0"
2016-11-29;"2";"1";"0";"0";"0";"1";"1";"0";"0";"1";"0";"0";"3";"0";"0";"0";"0";"g";"0";"1";"0";"1";"0";"1";"1";"3";"0";"0";"0";"0";"0";"0";"0";"1";"1";"1";"w";"0";"0";"0";"0";"0";"0";"0";"0"
2016-11-30;"2";"1";"1";"0";"0";"1";"1";"0";"0";"0";"0";"1";"3";"0";"0";"0";"0";"n";"0";"1";"0";"1";"0";"1";"0";"2";"0";"0";"0";"0";"0";"0";"0";"1";"1";"0";"w";"1";"0";"0";"0";"0";"0";"0";"0"
2016-12-01;"2";"1";"0";"0";"0";"0";"0";"0";"0";"1";"0";"0";"3";"0";"0";"0";"0";"n";"0";"1";"0";"1";"0";"1";"0";"2";"1";"0";"0";"0";"0";"0";"0";"0";"1";"1";"w";"0";"0";"0";"0";"0";"1";"1";"0"
2016-12-02;"3";"1";"0";"0";"0";"0";"1";"0";"0";"0";"0";"1";"3";"0";"1";"0";"0";"g";"0";"1";"0";"1";"0";"1";"1";"4";"1";"0";"0";"0";"0";"0";"0";"1";"1";"0";"w";"1";"1";"0";"0";"1";"1";"1";"0"
2016-12-03;"1";"1";"0";"0";"0";"0";"1";"0";"0";"0";"0";"1";"3";"0";"0";"0";"1";"g";"0";"1";"0";"1";"0";"1";"1";"3";"1";"0";"1";"0";"0";"0";"0";"1";"1";"0";"w";"1";"0";"0";"0";"0";"1";"1";"0"
2016-12-04;"1";"0";"1";"0";"0";"0";"0";"0";"0";"0";"0";"0";"1";"0";"0";"0";"1";"s";"0";"0";"0";"0";"0";"1";"0";"1";"0";"0";"1";"0";"0";"0";"0";"0";"0";"0";"w";"0";"0";"0";"0";"0";"0";"0";"0"
2016-12-05;NA;"0";"1";"0";"0";"0";"1";"0";"0";"0";"0";"0";"1";"0";"0";"0";"1";"s";"0";"1";"0";"0";"0";"1";"0";"1";"1";"0";"1";"1";"1";"0";"0";"1";"0";"0";"w";"0";"1";"0";"0";"0";"0";"0";"0"
2016-12-06;"2";"0";"1";"0";"0";"0";"1";"0";"0";"0";"0";"0";"2";"0";"0";"0";"1";"s";"0";"1";"0";"1";"0";"1";"0";"2";"1";"0";"1";"1";"1";"0";"0";"1";"1";"1";"w";"0";"1";"0";"0";"0";"1";"1";"0"
2016-12-07;"3";"0";"1";"0";"0";"0";"1";"0";"0";"0";"0";"1";"3";"0";"0";"0";"1";"n";"0";"1";"0";"1";"0";"1";"0";"2";"1";"0";"1";"0";"0";"0";"1";"1";"1";"0";"w";"1";"0";"0";"0";"0";"1";"1";"0"
2016-12-08;"3";"1";"1";"0";"0";"1";"1";"0";"0";"1";"0";"0";"4";"0";"0";"0";"0";"g";"0";"1";"0";"1";"0";"1";"0";"4";"1";"0";"1";"0";"0";"0";"0";"1";"1";"1";"w";"0";"1";"1";"0";"0";"0";"0";"0"
2016-12-09;"3";"1";"1";"0";"0";"0";"0";"0";"0";"0";"0";"0";"4";"0";"0";"0";"0";"g";"0";"1";"0";"1";"0";"1";"1";"4";"1";"0";"1";"0";"0";"0";"0";"1";"1";"1";"w";"0";"1";"0";"0";"0";"0";"0";"0"
2016-12-10;"3";"1";"1";"0";"0";"0";"1";"0";"0";"0";"0";"1";"4";"0";"1";"0";"0";"g";"0";"1";"0";"1";"0";"1";"1";"4";"1";"0";"1";"0";"0";"0";"0";"1";"1";"0";"w";"1";"1";"0";"0";"1";"1";"1";"0"
2016-12-11;"2";"1";"0";"0";"0";"1";"1";"0";"0";"1";"0";"1";"3";"0";"0";"0";"1";"n";"0";"1";"0";"1";"0";"1";"1";"3";"1";"0";"1";"0";"1";"0";"0";"1";"1";"0";"w";"1";"1";"0";"0";"0";"0";"0";"0"
2016-12-12;"2";"1";"1";"0";"0";"1";"1";"0";"0";"1";"0";"0";"2";"0";"0";"0";"1";"s";"0";"0";"0";"1";"0";"1";"0";"2";"1";"0";"1";"0";"0";"0";"0";"1";"0";"0";"w";"0";"1";"0";"0";"0";"1";"1";"0"
2016-12-13;"1";"1";"1";"0";"0";"0";"1";"0";"0";"0";"0";"1";"3";"0";"0";"0";"1";"n";"0";"1";"0";"1";"0";"1";"1";"3";"1";"0";"0";"0";"1";"0";"0";"1";"1";"0";"w";"1";"1";"0";"0";"0";"1";"1";"0"
2016-12-14;"3";"1";"1";"0";"0";"0";"1";"0";"0";"1";"0";"0";"3";"0";"1";"0";"1";"n";"0";"1";"0";"1";"0";"1";"1";"4";"1";"0";"0";"0";"0";"0";"0";"1";"1";"0";"w";"0";"1";"0";"0";"1";"1";"1";"0"
2016-12-15;"3";"1";"0";"0";"0";"0";"1";"0";"0";"1";"0";"0";"4";"0";"0";"0";"1";"g";"0";"1";"0";"0";"0";"1";"1";"3";"0";"1";"0";"1";"0";"0";"0";"0";"1";"0";"w";"0";"1";"0";"0";"0";"1";"1";"0"
2016-12-16;"3";"1";"0";"0";"0";"0";"1";"0";"0";"0";"0";"0";"3";"0";"1";"0";"1";"g";"0";"1";"0";"1";"0";"0";"1";"3";"0";"0";"0";"1";"0";"0";"0";"1";"1";"0";"w";"0";"1";"0";"0";"1";"1";"0";"1"
2016-12-17;"1";"0";"1";"0";"0";"1";"1";"0";"0";"0";"0";"1";"4";"0";"0";"0";"0";"g";"0";"1";"0";"1";"0";"1";"1";"3";"0";"0";"0";"1";"0";"0";"1";"1";"1";"0";"w";"1";"1";"0";"0";"0";"0";"0";"0"
2016-12-18;"2";"0";"1";"0";"0";"0";"1";"0";"0";"0";"0";"0";"4";"0";"0";"0";"0";"g";"0";"1";"0";"1";"0";"1";"1";"3";"0";"0";"0";"0";"0";"1";"0";"1";"1";"0";"w";"0";"1";"0";"0";"0";"1";"0";"0"
2016-12-19;"2";"0";"0";"0";"0";"0";"1";"0";"0";"0";"0";"0";"3";"0";"0";"0";"1";"n";"1";"0";"0";"0";"0";"1";"1";"4";"0";"0";"0";"0";"0";"1";"0";"1";"1";"0";"n";"0";"1";"0";"0";"0";"1";"0";"0"
2016-12-20;"3";"0";"0";"0";"0";"0";"0";"0";"0";"0";"0";"0";"4";"0";"0";"0";"1";"g";"1";"0";"0";"0";"1";"1";"1";"4";"0";"0";"0";"1";"0";"1";"0";"1";"1";"0";"n";"0";"0";"0";"0";"0";"0";"0";"0"
2016-12-21;"2";"1";"1";"1";"0";"0";"0";"0";"0";"0";"0";"0";"3";"0";"0";"0";"0";"g";"1";"0";"0";"1";"1";"1";"1";"4";"0";"0";"0";"1";"0";"1";"0";"1";"1";"0";"w";"0";"0";"0";"0";"0";"0";"0";"0"
2016-12-22;NA;"0";"0";"1";"0";"0";"0";"0";"0";"0";"0";"0";"4";"0";"0";"0";"0";"g";"1";"0";"0";"1";"1";"1";"1";"4";"0";"0";"0";"1";"0";"1";"0";"1";"1";"0";"w";"0";"0";"0";"0";"0";"0";"0";"0"
2016-12-23;NA;"0";"0";"1";"0";"0";"0";"0";"0";"0";"0";"0";"3";"0";"0";"0";"0";"g";"1";"0";"0";"0";"1";"1";"1";"4";"0";"0";"0";"1";"0";"1";"0";"1";"1";"0";"w";"0";"0";"0";"0";"0";"1";"0";"0"
2016-12-24;NA;"1";"0";"1";"0";"0";"0";"0";"0";"0";"0";"0";"2";"0";"0";"0";"0";"n";"0";"1";"0";"0";"1";"1";"0";"3";"0";"1";"0";"1";"0";"1";"0";"0";"1";"0";"w";"0";"0";"0";"0";"0";"0";"0";"0"
2016-12-25;NA;"0";"0";"1";"0";"0";"0";"0";"0";"0";"0";"0";"2";"0";"0";"0";"0";"n";"0";"0";"0";"0";"1";"0";"0";"2";"0";"0";"0";"1";"0";"0";"0";"0";"1";"0";"w";"0";"0";"0";"0";"0";"0";"0";"0"
2016-12-26;NA;"0";"0";"1";"0";"0";"0";"0";"0";"0";"0";"0";"2";"0";"0";"0";"1";"n";"0";"0";"0";"0";"1";"1";"0";"3";"0";"0";"0";"1";"0";"0";"1";"0";"0";"0";"w";"0";"0";"0";"0";"0";"1";"1";"0"
2016-12-27;"2";"0";"0";"1";"0";"0";"0";"0";"0";"0";"0";"0";"2";"0";"1";"0";"1";"n";"0";"1";"0";"0";"1";"1";"0";"2";"0";"0";"0";"1";"0";"0";"1";"0";"1";"0";"m";"0";"0";"0";"0";"1";"1";"1";"0"
2016-12-28;"2";"0";"0";"1";"0";"0";"0";"0";"0";"0";"0";"0";"2";"0";"1";"0";"1";"n";"0";"1";"0";"0";"1";"1";"0";"2";"0";"0";"0";"1";"0";"0";"1";"0";"1";"0";"m";"0";"0";"0";"0";"1";"1";"1";"0"
2016-12-29;"3";"0";"0";"1";"0";"0";"0";"0";"1";"0";"0";"0";"3";"0";"0";"0";"0";"n";"0";"1";"0";"1";"1";"1";"0";"2";"0";"0";"0";"0";"0";"0";"1";"0";"1";"0";"w";"0";"1";"0";"0";"0";"1";"1";"0"
2016-12-30;"3";"0";"0";"1";"0";"0";"0";"0";"0";"0";"0";"0";"4";"0";"0";"0";"1";"g";"0";"1";"0";"0";"1";"1";"1";"3";"0";"0";"0";"0";"0";"0";"1";"0";"1";"0";"w";"0";"1";"0";"0";"1";"0";"0";"0"
2016-12-31;NA;"0";"0";"1";"0";"0";"0";"0";"0";"0";"0";"1";"5";"0";"0";"0";"1";"g";"0";"1";"0";"1";"1";"1";"1";"3";"0";"0";"0";"1";"0";"0";"1";"0";"1";"0";"w";"1";"0";"0";"0";"0";"1";"1";"0"
